scenario_id,condition,condition_label,rank,query,expanded_queries,remaining_kcal,name,category,distance,kcal,protein,sodium,sugar,carb,allergen_violation,calorie_violation,constraint_fit,source,doc
S01_dairy_high_protein_breakfast,C1,Baseline,1,고단백 아침 추천,고단백 아침 추천 || 근육 증가 아침 메뉴 || 500kcal 이하 아침 식사,500.0,기타차_제로칼로리 복숭아 아이스티 노슈거 (초대용량),음료 및 차류,282.936035,1.0,0.1,2.0,,,False,False,False,K-FCDB_음식DB,기타차_제로칼로리 복숭아 아이스티 노슈거 (초대용량) | 분류: 음료 및 차류 | 칼로리 1.0kcal | 단백질 0.1g | 나트륨 2.0mg | (기준: 100ml) | (출처: Korean Food Composition Database system (K-FCDB))
S01_dairy_high_protein_breakfast,C1,Baseline,2,고단백 아침 추천,고단백 아침 추천 || 근육 증가 아침 메뉴 || 500kcal 이하 아침 식사,500.0,과ㆍ채주스_키위 쥬스 (L),음료 및 차류,296.31781,45.0,0.6,2.0,8.0,,False,False,False,K-FCDB_음식DB,과ㆍ채주스_키위 쥬스 (L) | 분류: 음료 및 차류 | 칼로리 45.0kcal | 단백질 0.6g | 나트륨 2.0mg | 당류 8.0g | (기준: 100g) | (출처: Korean Food Composition Database system (K-FCDB))
S01_dairy_high_protein_breakfast,C1,Baseline,3,고단백 아침 추천,고단백 아침 추천 || 근육 증가 아침 메뉴 || 500kcal 이하 아침 식사,500.0,과ㆍ채주스_포멜로 크림 주스,음료 및 차류,297.189362,45.0,0.3,10.0,5.1,,True,False,False,K-FCDB_음식DB,과ㆍ채주스_포멜로 크림 주스 | 분류: 음료 및 차류 | 칼로리 45.0kcal | 단백질 0.3g | 나트륨 10.0mg | 당류 5.1g | (기준: 100ml) | (출처: Korean Food Composition Database system (K-FCDB))
S01_dairy_high_protein_breakfast,C1,Baseline,4,고단백 아침 추천,고단백 아침 추천 || 근육 증가 아침 메뉴 || 500kcal 이하 아침 식사,500.0,샌드위치_에그쉬림프 샌드위치,빵 및 과자류,301.013184,205.0,7.6,549.0,5.4,,False,False,False,K-FCDB_음식DB,샌드위치_에그쉬림프 샌드위치 | 분류: 빵 및 과자류 | 칼로리 205.0kcal | 단백질 7.6g | 나트륨 549.0mg | 당류 5.4g | (기준: 100g) | (출처: Korean Food Composition Database system (K-FCDB))
S01_dairy_high_protein_breakfast,C1,Baseline,5,고단백 아침 추천,고단백 아침 추천 || 근육 증가 아침 메뉴 || 500kcal 이하 아침 식사,500.0,샌드위치_쉬림프에그마요샌드위치,빵 및 과자류,301.420319,204.0,7.9,329.0,4.8,,False,False,False,K-FCDB_음식DB,샌드위치_쉬림프에그마요샌드위치 | 분류: 빵 및 과자류 | 칼로리 204.0kcal | 단백질 7.9g | 나트륨 329.0mg | 당류 4.8g | (기준: 100g) | (출처: Korean Food Composition Database system (K-FCDB))
S01_dairy_high_protein_breakfast,C2,Retrieval allergen filter only,1,고단백 아침 추천,고단백 아침 추천 || 근육 증가 아침 메뉴 || 500kcal 이하 아침 식사,500.0,기타차_제로칼로리 복숭아 아이스티 노슈거 (초대용량),음료 및 차류,282.936035,1.0,0.1,2.0,,,False,False,False,K-FCDB_음식DB,기타차_제로칼로리 복숭아 아이스티 노슈거 (초대용량) | 분류: 음료 및 차류 | 칼로리 1.0kcal | 단백질 0.1g | 나트륨 2.0mg | (기준: 100ml) | (출처: Korean Food Composition Database system (K-FCDB))
S01_dairy_high_protein_breakfast,C2,Retrieval allergen filter only,2,고단백 아침 추천,고단백 아침 추천 || 근육 증가 아침 메뉴 || 500kcal 이하 아침 식사,500.0,과ㆍ채주스_키위 쥬스 (L),음료 및 차류,296.31781,45.0,0.6,2.0,8.0,,False,False,False,K-FCDB_음식DB,과ㆍ채주스_키위 쥬스 (L) | 분류: 음료 및 차류 | 칼로리 45.0kcal | 단백질 0.6g | 나트륨 2.0mg | 당류 8.0g | (기준: 100g) | (출처: Korean Food Composition Database system (K-FCDB))
S01_dairy_high_protein_breakfast,C2,Retrieval allergen filter only,3,고단백 아침 추천,고단백 아침 추천 || 근육 증가 아침 메뉴 || 500kcal 이하 아침 식사,500.0,과ㆍ채주스_완전 망고 주스,음료 및 차류,300.122467,34.0,0.3,1.0,5.2,,False,False,False,K-FCDB_음식DB,과ㆍ채주스_완전 망고 주스 | 분류: 음료 및 차류 | 칼로리 34.0kcal | 단백질 0.3g | 나트륨 1.0mg | 당류 5.2g | (기준: 100ml) | (출처: Korean Food Composition Database system (K-FCDB))
S01_dairy_high_protein_breakfast,C2,Retrieval allergen filter only,4,고단백 아침 추천,고단백 아침 추천 || 근육 증가 아침 메뉴 || 500kcal 이하 아침 식사,500.0,샌드위치_에그쉬림프 샌드위치,빵 및 과자류,301.013184,205.0,7.6,549.0,5.4,,False,False,False,K-FCDB_음식DB,샌드위치_에그쉬림프 샌드위치 | 분류: 빵 및 과자류 | 칼로리 205.0kcal | 단백질 7.6g | 나트륨 549.0mg | 당류 5.4g | (기준: 100g) | (출처: Korean Food Composition Database system (K-FCDB))
S01_dairy_high_protein_breakfast,C2,Retrieval allergen filter only,5,고단백 아침 추천,고단백 아침 추천 || 근육 증가 아침 메뉴 || 500kcal 이하 아침 식사,500.0,샌드위치_쉬림프에그마요샌드위치,빵 및 과자류,301.420319,204.0,7.9,329.0,4.8,,False,False,False,K-FCDB_음식DB,샌드위치_쉬림프에그마요샌드위치 | 분류: 빵 및 과자류 | 칼로리 204.0kcal | 단백질 7.9g | 나트륨 329.0mg | 당류 4.8g | (기준: 100g) | (출처: Korean Food Composition Database system (K-FCDB))
S01_dairy_high_protein_breakfast,C3,Calorie post-validator only,1,고단백 아침 추천,고단백 아침 추천 || 근육 증가 아침 메뉴 || 500kcal 이하 아침 식사,500.0,기타차_제로칼로리 복숭아 아이스티 노슈거 (초대용량),음료 및 차류,282.936035,1.0,0.1,2.0,,,False,False,False,K-FCDB_음식DB,기타차_제로칼로리 복숭아 아이스티 노슈거 (초대용량) | 분류: 음료 및 차류 | 칼로리 1.0kcal | 단백질 0.1g | 나트륨 2.0mg | (기준: 100ml) | (출처: Korean Food Composition Database system (K-FCDB))
S01_dairy_high_protein_breakfast,C3,Calorie post-validator only,2,고단백 아침 추천,고단백 아침 추천 || 근육 증가 아침 메뉴 || 500kcal 이하 아침 식사,500.0,과ㆍ채주스_키위 쥬스 (L),음료 및 차류,296.31781,45.0,0.6,2.0,8.0,,False,False,False,K-FCDB_음식DB,과ㆍ채주스_키위 쥬스 (L) | 분류: 음료 및 차류 | 칼로리 45.0kcal | 단백질 0.6g | 나트륨 2.0mg | 당류 8.0g | (기준: 100g) | (출처: Korean Food Composition Database system (K-FCDB))
S01_dairy_high_protein_breakfast,C3,Calorie post-validator only,3,고단백 아침 추천,고단백 아침 추천 || 근육 증가 아침 메뉴 || 500kcal 이하 아침 식사,500.0,과ㆍ채주스_포멜로 크림 주스,음료 및 차류,297.189362,45.0,0.3,10.0,5.1,,True,False,False,K-FCDB_음식DB,과ㆍ채주스_포멜로 크림 주스 | 분류: 음료 및 차류 | 칼로리 45.0kcal | 단백질 0.3g | 나트륨 10.0mg | 당류 5.1g | (기준: 100ml) | (출처: Korean Food Composition Database system (K-FCDB))
S01_dairy_high_protein_breakfast,C3,Calorie post-validator only,4,고단백 아침 추천,고단백 아침 추천 || 근육 증가 아침 메뉴 || 500kcal 이하 아침 식사,500.0,샌드위치_에그쉬림프 샌드위치,빵 및 과자류,301.013184,205.0,7.6,549.0,5.4,,False,False,False,K-FCDB_음식DB,샌드위치_에그쉬림프 샌드위치 | 분류: 빵 및 과자류 | 칼로리 205.0kcal | 단백질 7.6g | 나트륨 549.0mg | 당류 5.4g | (기준: 100g) | (출처: Korean Food Composition Database system (K-FCDB))
S01_dairy_high_protein_breakfast,C3,Calorie post-validator only,5,고단백 아침 추천,고단백 아침 추천 || 근육 증가 아침 메뉴 || 500kcal 이하 아침 식사,500.0,샌드위치_쉬림프에그마요샌드위치,빵 및 과자류,301.420319,204.0,7.9,329.0,4.8,,False,False,False,K-FCDB_음식DB,샌드위치_쉬림프에그마요샌드위치 | 분류: 빵 및 과자류 | 칼로리 204.0kcal | 단백질 7.9g | 나트륨 329.0mg | 당류 4.8g | (기준: 100g) | (출처: Korean Food Composition Database system (K-FCDB))
S01_dairy_high_protein_breakfast,C4,Full,1,고단백 아침 추천,고단백 아침 추천 || 근육 증가 아침 메뉴 || 500kcal 이하 아침 식사,500.0,기타차_제로칼로리 복숭아 아이스티 노슈거 (초대용량),음료 및 차류,282.936035,1.0,0.1,2.0,,,False,False,False,K-FCDB_음식DB,기타차_제로칼로리 복숭아 아이스티 노슈거 (초대용량) | 분류: 음료 및 차류 | 칼로리 1.0kcal | 단백질 0.1g | 나트륨 2.0mg | (기준: 100ml) | (출처: Korean Food Composition Database system (K-FCDB))
S01_dairy_high_protein_breakfast,C4,Full,2,고단백 아침 추천,고단백 아침 추천 || 근육 증가 아침 메뉴 || 500kcal 이하 아침 식사,500.0,과ㆍ채주스_키위 쥬스 (L),음료 및 차류,296.31781,45.0,0.6,2.0,8.0,,False,False,False,K-FCDB_음식DB,과ㆍ채주스_키위 쥬스 (L) | 분류: 음료 및 차류 | 칼로리 45.0kcal | 단백질 0.6g | 나트륨 2.0mg | 당류 8.0g | (기준: 100g) | (출처: Korean Food Composition Database system (K-FCDB))
S01_dairy_high_protein_breakfast,C4,Full,3,고단백 아침 추천,고단백 아침 추천 || 근육 증가 아침 메뉴 || 500kcal 이하 아침 식사,500.0,과ㆍ채주스_완전 망고 주스,음료 및 차류,300.122467,34.0,0.3,1.0,5.2,,False,False,False,K-FCDB_음식DB,과ㆍ채주스_완전 망고 주스 | 분류: 음료 및 차류 | 칼로리 34.0kcal | 단백질 0.3g | 나트륨 1.0mg | 당류 5.2g | (기준: 100ml) | (출처: Korean Food Composition Database system (K-FCDB))
S01_dairy_high_protein_breakfast,C4,Full,4,고단백 아침 추천,고단백 아침 추천 || 근육 증가 아침 메뉴 || 500kcal 이하 아침 식사,500.0,샌드위치_에그쉬림프 샌드위치,빵 및 과자류,301.013184,205.0,7.6,549.0,5.4,,False,False,False,K-FCDB_음식DB,샌드위치_에그쉬림프 샌드위치 | 분류: 빵 및 과자류 | 칼로리 205.0kcal | 단백질 7.6g | 나트륨 549.0mg | 당류 5.4g | (기준: 100g) | (출처: Korean Food Composition Database system (K-FCDB))
S01_dairy_high_protein_breakfast,C4,Full,5,고단백 아침 추천,고단백 아침 추천 || 근육 증가 아침 메뉴 || 500kcal 이하 아침 식사,500.0,샌드위치_쉬림프에그마요샌드위치,빵 및 과자류,301.420319,204.0,7.9,329.0,4.8,,False,False,False,K-FCDB_음식DB,샌드위치_쉬림프에그마요샌드위치 | 분류: 빵 및 과자류 | 칼로리 204.0kcal | 단백질 7.9g | 나트륨 329.0mg | 당류 4.8g | (기준: 100g) | (출처: Korean Food Composition Database system (K-FCDB))
S02_dairy_snack,C1,Baseline,1,건강한 간식 추천,건강한 간식 추천 || 건강한 간식 메뉴 추천 || 250kcal 이하 간식 식사,250.0,샌드위치_에그튜나 샌드위치,빵 및 과자류,272.056976,254.0,9.0,328.0,5.2,,False,False,True,K-FCDB_음식DB,샌드위치_에그튜나 샌드위치 | 분류: 빵 및 과자류 | 칼로리 254.0kcal | 단백질 9.0g | 나트륨 328.0mg | 당류 5.2g | (기준: 100g) | (출처: Korean Food Composition Database system (K-FCDB))
S02_dairy_snack,C1,Baseline,2,건강한 간식 추천,건강한 간식 추천 || 건강한 간식 메뉴 추천 || 250kcal 이하 간식 식사,250.0,샌드위치_쿠키 & 크림 샌디,빵 및 과자류,272.351471,260.0,3.6,169.0,17.3,,True,False,True,K-FCDB_음식DB,샌드위치_쿠키 & 크림 샌디 | 분류: 빵 및 과자류 | 칼로리 260.0kcal | 단백질 3.6g | 나트륨 169.0mg | 당류 17.3g | (기준: 100g) | (출처: Korean Food Composition Database system (K-FCDB))
S02_dairy_snack,C1,Baseline,3,건강한 간식 추천,건강한 간식 추천 || 건강한 간식 메뉴 추천 || 250kcal 이하 간식 식사,250.0,타르트_무화과 레어치즈 타르트,빵 및 과자류,278.13031,250.0,3.0,120.0,13.0,,True,False,True,K-FCDB_음식DB,타르트_무화과 레어치즈 타르트 | 분류: 빵 및 과자류 | 칼로리 250.0kcal | 단백질 3.0g | 나트륨 120.0mg | 당류 13.0g | (기준: 100g) | (출처: Korean Food Composition Database system (K-FCDB))
S02_dairy_snack,C1,Baseline,4,건강한 간식 추천,건강한 간식 추천 || 건강한 간식 메뉴 추천 || 250kcal 이하 간식 식사,250.0,케이크_떠먹는 티라미수,빵 및 과자류,281.48407,263.0,2.7,75.0,21.3,,False,False,True,K-FCDB_음식DB,케이크_떠먹는 티라미수 | 분류: 빵 및 과자류 | 칼로리 263.0kcal | 단백질 2.7g | 나트륨 75.0mg | 당류 21.3g | (기준: 100g) | (출처: Korean Food Composition Database system (K-FCDB))
S02_dairy_snack,C1,Baseline,5,건강한 간식 추천,건강한 간식 추천 || 건강한 간식 메뉴 추천 || 250kcal 이하 간식 식사,250.0,와플_민트초코 아이스크림 와플,빵 및 과자류,281.992371,252.0,3.3,170.0,19.5,,True,False,True,K-FCDB_음식DB,와플_민트초코 아이스크림 와플 | 분류: 빵 및 과자류 | 칼로리 252.0kcal | 단백질 3.3g | 나트륨 170.0mg | 당류 19.5g | (기준: 100g) | (출처: Korean Food Composition Database system (K-FCDB))
S02_dairy_snack,C2,Retrieval allergen filter only,1,건강한 간식 추천,건강한 간식 추천 || 건강한 간식 메뉴 추천 || 250kcal 이하 간식 식사,250.0,샌드위치_에그튜나 샌드위치,빵 및 과자류,272.056976,254.0,9.0,328.0,5.2,,False,False,True,K-FCDB_음식DB,샌드위치_에그튜나 샌드위치 | 분류: 빵 및 과자류 | 칼로리 254.0kcal | 단백질 9.0g | 나트륨 328.0mg | 당류 5.2g | (기준: 100g) | (출처: Korean Food Composition Database system (K-FCDB))
S02_dairy_snack,C2,Retrieval allergen filter only,2,건강한 간식 추천,건강한 간식 추천 || 건강한 간식 메뉴 추천 || 250kcal 이하 간식 식사,250.0,샌드위치_쉬림프에그마요샌드위치,빵 및 과자류,272.358978,204.0,7.9,329.0,4.8,,False,False,True,K-FCDB_음식DB,샌드위치_쉬림프에그마요샌드위치 | 분류: 빵 및 과자류 | 칼로리 204.0kcal | 단백질 7.9g | 나트륨 329.0mg | 당류 4.8g | (기준: 100g) | (출처: Korean Food Composition Database system (K-FCDB))
S02_dairy_snack,C2,Retrieval allergen filter only,3,건강한 간식 추천,건강한 간식 추천 || 건강한 간식 메뉴 추천 || 250kcal 이하 간식 식사,250.0,케이크_떠먹는 티라미수,빵 및 과자류,281.48407,263.0,2.7,75.0,21.3,,False,False,True,K-FCDB_음식DB,케이크_떠먹는 티라미수 | 분류: 빵 및 과자류 | 칼로리 263.0kcal | 단백질 2.7g | 나트륨 75.0mg | 당류 21.3g | (기준: 100g) | (출처: Korean Food Composition Database system (K-FCDB))
S02_dairy_snack,C2,Retrieval allergen filter only,4,건강한 간식 추천,건강한 간식 추천 || 건강한 간식 메뉴 추천 || 250kcal 이하 간식 식사,250.0,버거_커넬 데리야끼,빵 및 과자류,282.200989,246.0,10.1,550.0,5.3,,False,False,True,K-FCDB_음식DB,버거_커넬 데리야끼 | 분류: 빵 및 과자류 | 칼로리 246.0kcal | 단백질 10.1g | 나트륨 550.0mg | 당류 5.3g | (기준: 100g) | (출처: Korean Food Composition Database system (K-FCDB))
S02_dairy_snack,C2,Retrieval allergen filter only,5,건강한 간식 추천,건강한 간식 추천 || 건강한 간식 메뉴 추천 || 250kcal 이하 간식 식사,250.0,식빵_고소담백더치 브레드,빵 및 과자류,285.086426,240.0,7.1,352.0,4.3,,False,False,True,K-FCDB_음식DB,식빵_고소담백더치 브레드 | 분류: 빵 및 과자류 | 칼로리 240.0kcal | 단백질 7.1g | 나트륨 352.0mg | 당류 4.3g | (기준: 100g) | (출처: Korean Food Composition Database system (K-FCDB))
S02_dairy_snack,C3,Calorie post-validator only,1,건강한 간식 추천,건강한 간식 추천 || 건강한 간식 메뉴 추천 || 250kcal 이하 간식 식사,250.0,샌드위치_에그튜나 샌드위치,빵 및 과자류,272.056976,254.0,9.0,328.0,5.2,,False,False,True,K-FCDB_음식DB,샌드위치_에그튜나 샌드위치 | 분류: 빵 및 과자류 | 칼로리 254.0kcal | 단백질 9.0g | 나트륨 328.0mg | 당류 5.2g | (기준: 100g) | (출처: Korean Food Composition Database system (K-FCDB))
S02_dairy_snack,C3,Calorie post-validator only,2,건강한 간식 추천,건강한 간식 추천 || 건강한 간식 메뉴 추천 || 250kcal 이하 간식 식사,250.0,샌드위치_쿠키 & 크림 샌디,빵 및 과자류,272.351471,260.0,3.6,169.0,17.3,,True,False,True,K-FCDB_음식DB,샌드위치_쿠키 & 크림 샌디 | 분류: 빵 및 과자류 | 칼로리 260.0kcal | 단백질 3.6g | 나트륨 169.0mg | 당류 17.3g | (기준: 100g) | (출처: Korean Food Composition Database system (K-FCDB))
S02_dairy_snack,C3,Calorie post-validator only,3,건강한 간식 추천,건강한 간식 추천 || 건강한 간식 메뉴 추천 || 250kcal 이하 간식 식사,250.0,타르트_무화과 레어치즈 타르트,빵 및 과자류,278.13031,250.0,3.0,120.0,13.0,,True,False,True,K-FCDB_음식DB,타르트_무화과 레어치즈 타르트 | 분류: 빵 및 과자류 | 칼로리 250.0kcal | 단백질 3.0g | 나트륨 120.0mg | 당류 13.0g | (기준: 100g) | (출처: Korean Food Composition Database system (K-FCDB))
S02_dairy_snack,C3,Calorie post-validator only,4,건강한 간식 추천,건강한 간식 추천 || 건강한 간식 메뉴 추천 || 250kcal 이하 간식 식사,250.0,케이크_떠먹는 티라미수,빵 및 과자류,281.48407,263.0,2.7,75.0,21.3,,False,False,True,K-FCDB_음식DB,케이크_떠먹는 티라미수 | 분류: 빵 및 과자류 | 칼로리 263.0kcal | 단백질 2.7g | 나트륨 75.0mg | 당류 21.3g | (기준: 100g) | (출처: Korean Food Composition Database system (K-FCDB))
S02_dairy_snack,C3,Calorie post-validator only,5,건강한 간식 추천,건강한 간식 추천 || 건강한 간식 메뉴 추천 || 250kcal 이하 간식 식사,250.0,와플_민트초코 아이스크림 와플,빵 및 과자류,281.992371,252.0,3.3,170.0,19.5,,True,False,True,K-FCDB_음식DB,와플_민트초코 아이스크림 와플 | 분류: 빵 및 과자류 | 칼로리 252.0kcal | 단백질 3.3g | 나트륨 170.0mg | 당류 19.5g | (기준: 100g) | (출처: Korean Food Composition Database system (K-FCDB))
S02_dairy_snack,C4,Full,1,건강한 간식 추천,건강한 간식 추천 || 건강한 간식 메뉴 추천 || 250kcal 이하 간식 식사,250.0,샌드위치_에그튜나 샌드위치,빵 및 과자류,272.056976,254.0,9.0,328.0,5.2,,False,False,True,K-FCDB_음식DB,샌드위치_에그튜나 샌드위치 | 분류: 빵 및 과자류 | 칼로리 254.0kcal | 단백질 9.0g | 나트륨 328.0mg | 당류 5.2g | (기준: 100g) | (출처: Korean Food Composition Database system (K-FCDB))
S02_dairy_snack,C4,Full,2,건강한 간식 추천,건강한 간식 추천 || 건강한 간식 메뉴 추천 || 250kcal 이하 간식 식사,250.0,샌드위치_쉬림프에그마요샌드위치,빵 및 과자류,272.358978,204.0,7.9,329.0,4.8,,False,False,True,K-FCDB_음식DB,샌드위치_쉬림프에그마요샌드위치 | 분류: 빵 및 과자류 | 칼로리 204.0kcal | 단백질 7.9g | 나트륨 329.0mg | 당류 4.8g | (기준: 100g) | (출처: Korean Food Composition Database system (K-FCDB))
S02_dairy_snack,C4,Full,3,건강한 간식 추천,건강한 간식 추천 || 건강한 간식 메뉴 추천 || 250kcal 이하 간식 식사,250.0,케이크_떠먹는 티라미수,빵 및 과자류,281.48407,263.0,2.7,75.0,21.3,,False,False,True,K-FCDB_음식DB,케이크_떠먹는 티라미수 | 분류: 빵 및 과자류 | 칼로리 263.0kcal | 단백질 2.7g | 나트륨 75.0mg | 당류 21.3g | (기준: 100g) | (출처: Korean Food Composition Database system (K-FCDB))
S02_dairy_snack,C4,Full,4,건강한 간식 추천,건강한 간식 추천 || 건강한 간식 메뉴 추천 || 250kcal 이하 간식 식사,250.0,버거_커넬 데리야끼,빵 및 과자류,282.200989,246.0,10.1,550.0,5.3,,False,False,True,K-FCDB_음식DB,버거_커넬 데리야끼 | 분류: 빵 및 과자류 | 칼로리 246.0kcal | 단백질 10.1g | 나트륨 550.0mg | 당류 5.3g | (기준: 100g) | (출처: Korean Food Composition Database system (K-FCDB))
S02_dairy_snack,C4,Full,5,건강한 간식 추천,건강한 간식 추천 || 건강한 간식 메뉴 추천 || 250kcal 이하 간식 식사,250.0,식빵_고소담백더치 브레드,빵 및 과자류,285.086426,240.0,7.1,352.0,4.3,,False,False,True,K-FCDB_음식DB,식빵_고소담백더치 브레드 | 분류: 빵 및 과자류 | 칼로리 240.0kcal | 단백질 7.1g | 나트륨 352.0mg | 당류 4.3g | (기준: 100g) | (출처: Korean Food Composition Database system (K-FCDB))
S03_nuts_snack,C1,Baseline,1,견과류가 들어간 간식 대신 안전한 간식 추천,견과류가 들어간 간식 대신 안전한 간식 추천 || 건강한 간식 메뉴 추천 || 300kcal 이하 간식 식사,300.0,샌드위치_쉬림프에그마요샌드위치,빵 및 과자류,248.435715,204.0,7.9,329.0,4.8,,False,False,True,K-FCDB_음식DB,샌드위치_쉬림프에그마요샌드위치 | 분류: 빵 및 과자류 | 칼로리 204.0kcal | 단백질 7.9g | 나트륨 329.0mg | 당류 4.8g | (기준: 100g) | (출처: Korean Food Composition Database system (K-FCDB))
S03_nuts_snack,C1,Baseline,2,견과류가 들어간 간식 대신 안전한 간식 추천,견과류가 들어간 간식 대신 안전한 간식 추천 || 건강한 간식 메뉴 추천 || 300kcal 이하 간식 식사,300.0,샌드위치_에그쉬림프 샌드위치,빵 및 과자류,250.988998,205.0,7.6,549.0,5.4,,False,False,True,K-FCDB_음식DB,샌드위치_에그쉬림프 샌드위치 | 분류: 빵 및 과자류 | 칼로리 205.0kcal | 단백질 7.6g | 나트륨 549.0mg | 당류 5.4g | (기준: 100g) | (출처: Korean Food Composition Database system (K-FCDB))
S03_nuts_snack,C1,Baseline,3,견과류가 들어간 간식 대신 안전한 간식 추천,견과류가 들어간 간식 대신 안전한 간식 추천 || 건강한 간식 메뉴 추천 || 300kcal 이하 간식 식사,300.0,식빵_데니쉬식빵,빵 및 과자류,258.658051,300.0,7.0,400.0,3.0,,False,False,True,K-FCDB_음식DB,식빵_데니쉬식빵 | 분류: 빵 및 과자류 | 칼로리 300.0kcal | 단백질 7.0g | 나트륨 400.0mg | 당류 3.0g | (기준: 100g) | (출처: Korean Food Composition Database system (K-FCDB))
S03_nuts_snack,C1,Baseline,4,견과류가 들어간 간식 대신 안전한 간식 추천,견과류가 들어간 간식 대신 안전한 간식 추천 || 건강한 간식 메뉴 추천 || 300kcal 이하 간식 식사,300.0,타르트_무화과 레어치즈 타르트,빵 및 과자류,262.493896,250.0,3.0,120.0,13.0,,False,False,True,K-FCDB_음식DB,타르트_무화과 레어치즈 타르트 | 분류: 빵 및 과자류 | 칼로리 250.0kcal | 단백질 3.0g | 나트륨 120.0mg | 당류 13.0g | (기준: 100g) | (출처: Korean Food Composition Database system (K-FCDB))
S03_nuts_snack,C1,Baseline,5,견과류가 들어간 간식 대신 안전한 간식 추천,견과류가 들어간 간식 대신 안전한 간식 추천 || 건강한 간식 메뉴 추천 || 300kcal 이하 간식 식사,300.0,크림빵_슈크림슈,빵 및 과자류,264.819916,320.0,8.0,300.0,8.0,,False,False,True,K-FCDB_음식DB,크림빵_슈크림슈 | 분류: 빵 및 과자류 | 칼로리 320.0kcal | 단백질 8.0g | 나트륨 300.0mg | 당류 8.0g | (기준: 100g) | (출처: Korean Food Composition Database system (K-FCDB))
S03_nuts_snack,C2,Retrieval allergen filter only,1,견과류가 들어간 간식 대신 안전한 간식 추천,견과류가 들어간 간식 대신 안전한 간식 추천 || 건강한 간식 메뉴 추천 || 300kcal 이하 간식 식사,300.0,샌드위치_쉬림프에그마요샌드위치,빵 및 과자류,248.435715,204.0,7.9,329.0,4.8,,False,False,True,K-FCDB_음식DB,샌드위치_쉬림프에그마요샌드위치 | 분류: 빵 및 과자류 | 칼로리 204.0kcal | 단백질 7.9g | 나트륨 329.0mg | 당류 4.8g | (기준: 100g) | (출처: Korean Food Composition Database system (K-FCDB))
S03_nuts_snack,C2,Retrieval allergen filter only,2,견과류가 들어간 간식 대신 안전한 간식 추천,견과류가 들어간 간식 대신 안전한 간식 추천 || 건강한 간식 메뉴 추천 || 300kcal 이하 간식 식사,300.0,샌드위치_에그쉬림프 샌드위치,빵 및 과자류,250.988998,205.0,7.6,549.0,5.4,,False,False,True,K-FCDB_음식DB,샌드위치_에그쉬림프 샌드위치 | 분류: 빵 및 과자류 | 칼로리 205.0kcal | 단백질 7.6g | 나트륨 549.0mg | 당류 5.4g | (기준: 100g) | (출처: Korean Food Composition Database system (K-FCDB))
S03_nuts_snack,C2,Retrieval allergen filter only,3,견과류가 들어간 간식 대신 안전한 간식 추천,견과류가 들어간 간식 대신 안전한 간식 추천 || 건강한 간식 메뉴 추천 || 300kcal 이하 간식 식사,300.0,식빵_데니쉬식빵,빵 및 과자류,258.658051,300.0,7.0,400.0,3.0,,False,False,True,K-FCDB_음식DB,식빵_데니쉬식빵 | 분류: 빵 및 과자류 | 칼로리 300.0kcal | 단백질 7.0g | 나트륨 400.0mg | 당류 3.0g | (기준: 100g) | (출처: Korean Food Composition Database system (K-FCDB))
S03_nuts_snack,C2,Retrieval allergen filter only,4,견과류가 들어간 간식 대신 안전한 간식 추천,견과류가 들어간 간식 대신 안전한 간식 추천 || 건강한 간식 메뉴 추천 || 300kcal 이하 간식 식사,300.0,타르트_무화과 레어치즈 타르트,빵 및 과자류,262.493896,250.0,3.0,120.0,13.0,,False,False,True,K-FCDB_음식DB,타르트_무화과 레어치즈 타르트 | 분류: 빵 및 과자류 | 칼로리 250.0kcal | 단백질 3.0g | 나트륨 120.0mg | 당류 13.0g | (기준: 100g) | (출처: Korean Food Composition Database system (K-FCDB))
S03_nuts_snack,C2,Retrieval allergen filter only,5,견과류가 들어간 간식 대신 안전한 간식 추천,견과류가 들어간 간식 대신 안전한 간식 추천 || 건강한 간식 메뉴 추천 || 300kcal 이하 간식 식사,300.0,크림빵_슈크림슈,빵 및 과자류,264.819916,320.0,8.0,300.0,8.0,,False,False,True,K-FCDB_음식DB,크림빵_슈크림슈 | 분류: 빵 및 과자류 | 칼로리 320.0kcal | 단백질 8.0g | 나트륨 300.0mg | 당류 8.0g | (기준: 100g) | (출처: Korean Food Composition Database system (K-FCDB))
S03_nuts_snack,C3,Calorie post-validator only,1,견과류가 들어간 간식 대신 안전한 간식 추천,견과류가 들어간 간식 대신 안전한 간식 추천 || 건강한 간식 메뉴 추천 || 300kcal 이하 간식 식사,300.0,샌드위치_쉬림프에그마요샌드위치,빵 및 과자류,248.435715,204.0,7.9,329.0,4.8,,False,False,True,K-FCDB_음식DB,샌드위치_쉬림프에그마요샌드위치 | 분류: 빵 및 과자류 | 칼로리 204.0kcal | 단백질 7.9g | 나트륨 329.0mg | 당류 4.8g | (기준: 100g) | (출처: Korean Food Composition Database system (K-FCDB))
S03_nuts_snack,C3,Calorie post-validator only,2,견과류가 들어간 간식 대신 안전한 간식 추천,견과류가 들어간 간식 대신 안전한 간식 추천 || 건강한 간식 메뉴 추천 || 300kcal 이하 간식 식사,300.0,샌드위치_에그쉬림프 샌드위치,빵 및 과자류,250.988998,205.0,7.6,549.0,5.4,,False,False,True,K-FCDB_음식DB,샌드위치_에그쉬림프 샌드위치 | 분류: 빵 및 과자류 | 칼로리 205.0kcal | 단백질 7.6g | 나트륨 549.0mg | 당류 5.4g | (기준: 100g) | (출처: Korean Food Composition Database system (K-FCDB))
S03_nuts_snack,C3,Calorie post-validator only,3,견과류가 들어간 간식 대신 안전한 간식 추천,견과류가 들어간 간식 대신 안전한 간식 추천 || 건강한 간식 메뉴 추천 || 300kcal 이하 간식 식사,300.0,식빵_데니쉬식빵,빵 및 과자류,258.658051,300.0,7.0,400.0,3.0,,False,False,True,K-FCDB_음식DB,식빵_데니쉬식빵 | 분류: 빵 및 과자류 | 칼로리 300.0kcal | 단백질 7.0g | 나트륨 400.0mg | 당류 3.0g | (기준: 100g) | (출처: Korean Food Composition Database system (K-FCDB))
S03_nuts_snack,C3,Calorie post-validator only,4,견과류가 들어간 간식 대신 안전한 간식 추천,견과류가 들어간 간식 대신 안전한 간식 추천 || 건강한 간식 메뉴 추천 || 300kcal 이하 간식 식사,300.0,타르트_무화과 레어치즈 타르트,빵 및 과자류,262.493896,250.0,3.0,120.0,13.0,,False,False,True,K-FCDB_음식DB,타르트_무화과 레어치즈 타르트 | 분류: 빵 및 과자류 | 칼로리 250.0kcal | 단백질 3.0g | 나트륨 120.0mg | 당류 13.0g | (기준: 100g) | (출처: Korean Food Composition Database system (K-FCDB))
S03_nuts_snack,C3,Calorie post-validator only,5,견과류가 들어간 간식 대신 안전한 간식 추천,견과류가 들어간 간식 대신 안전한 간식 추천 || 건강한 간식 메뉴 추천 || 300kcal 이하 간식 식사,300.0,크림빵_슈크림슈,빵 및 과자류,264.819916,320.0,8.0,300.0,8.0,,False,False,True,K-FCDB_음식DB,크림빵_슈크림슈 | 분류: 빵 및 과자류 | 칼로리 320.0kcal | 단백질 8.0g | 나트륨 300.0mg | 당류 8.0g | (기준: 100g) | (출처: Korean Food Composition Database system (K-FCDB))
S03_nuts_snack,C4,Full,1,견과류가 들어간 간식 대신 안전한 간식 추천,견과류가 들어간 간식 대신 안전한 간식 추천 || 건강한 간식 메뉴 추천 || 300kcal 이하 간식 식사,300.0,샌드위치_쉬림프에그마요샌드위치,빵 및 과자류,248.435715,204.0,7.9,329.0,4.8,,False,False,True,K-FCDB_음식DB,샌드위치_쉬림프에그마요샌드위치 | 분류: 빵 및 과자류 | 칼로리 204.0kcal | 단백질 7.9g | 나트륨 329.0mg | 당류 4.8g | (기준: 100g) | (출처: Korean Food Composition Database system (K-FCDB))
S03_nuts_snack,C4,Full,2,견과류가 들어간 간식 대신 안전한 간식 추천,견과류가 들어간 간식 대신 안전한 간식 추천 || 건강한 간식 메뉴 추천 || 300kcal 이하 간식 식사,300.0,샌드위치_에그쉬림프 샌드위치,빵 및 과자류,250.988998,205.0,7.6,549.0,5.4,,False,False,True,K-FCDB_음식DB,샌드위치_에그쉬림프 샌드위치 | 분류: 빵 및 과자류 | 칼로리 205.0kcal | 단백질 7.6g | 나트륨 549.0mg | 당류 5.4g | (기준: 100g) | (출처: Korean Food Composition Database system (K-FCDB))
S03_nuts_snack,C4,Full,3,견과류가 들어간 간식 대신 안전한 간식 추천,견과류가 들어간 간식 대신 안전한 간식 추천 || 건강한 간식 메뉴 추천 || 300kcal 이하 간식 식사,300.0,식빵_데니쉬식빵,빵 및 과자류,258.658051,300.0,7.0,400.0,3.0,,False,False,True,K-FCDB_음식DB,식빵_데니쉬식빵 | 분류: 빵 및 과자류 | 칼로리 300.0kcal | 단백질 7.0g | 나트륨 400.0mg | 당류 3.0g | (기준: 100g) | (출처: Korean Food Composition Database system (K-FCDB))
S03_nuts_snack,C4,Full,4,견과류가 들어간 간식 대신 안전한 간식 추천,견과류가 들어간 간식 대신 안전한 간식 추천 || 건강한 간식 메뉴 추천 || 300kcal 이하 간식 식사,300.0,타르트_무화과 레어치즈 타르트,빵 및 과자류,262.493896,250.0,3.0,120.0,13.0,,False,False,True,K-FCDB_음식DB,타르트_무화과 레어치즈 타르트 | 분류: 빵 및 과자류 | 칼로리 250.0kcal | 단백질 3.0g | 나트륨 120.0mg | 당류 13.0g | (기준: 100g) | (출처: Korean Food Composition Database system (K-FCDB))
S03_nuts_snack,C4,Full,5,견과류가 들어간 간식 대신 안전한 간식 추천,견과류가 들어간 간식 대신 안전한 간식 추천 || 건강한 간식 메뉴 추천 || 300kcal 이하 간식 식사,300.0,크림빵_슈크림슈,빵 및 과자류,264.819916,320.0,8.0,300.0,8.0,,False,False,True,K-FCDB_음식DB,크림빵_슈크림슈 | 분류: 빵 및 과자류 | 칼로리 320.0kcal | 단백질 8.0g | 나트륨 300.0mg | 당류 8.0g | (기준: 100g) | (출처: Korean Food Composition Database system (K-FCDB))
S04_shellfish_dinner,C1,Baseline,1,해산물 저녁 추천,해산물 저녁 추천 || 건강한 저녁 메뉴 추천 || 650kcal 이하 저녁 식사,650.0,샌드위치_에그쉬림프 샌드위치,빵 및 과자류,265.667419,205.0,7.6,549.0,5.4,,False,False,True,K-FCDB_음식DB,샌드위치_에그쉬림프 샌드위치 | 분류: 빵 및 과자류 | 칼로리 205.0kcal | 단백질 7.6g | 나트륨 549.0mg | 당류 5.4g | (기준: 100g) | (출처: Korean Food Composition Database system (K-FCDB))
S04_shellfish_dinner,C1,Baseline,2,해산물 저녁 추천,해산물 저녁 추천 || 건강한 저녁 메뉴 추천 || 650kcal 이하 저녁 식사,650.0,샌드위치_잠봉뵈르소금버터롤,빵 및 과자류,271.798767,376.0,16.5,620.0,8.3,,False,False,True,K-FCDB_음식DB,샌드위치_잠봉뵈르소금버터롤 | 분류: 빵 및 과자류 | 칼로리 376.0kcal | 단백질 16.5g | 나트륨 620.0mg | 당류 8.3g | (기준: 100g) | (출처: Korean Food Composition Database system (K-FCDB))
S04_shellfish_dinner,C1,Baseline,3,해산물 저녁 추천,해산물 저녁 추천 || 건강한 저녁 메뉴 추천 || 650kcal 이하 저녁 식사,650.0,크로켓(고로케)_납작김치고로전,빵 및 과자류,281.420715,304.0,6.4,488.0,8.0,,False,False,True,K-FCDB_음식DB,크로켓(고로케)_납작김치고로전 | 분류: 빵 및 과자류 | 칼로리 304.0kcal | 단백질 6.4g | 나트륨 488.0mg | 당류 8.0g | (기준: 100g) | (출처: Korean Food Composition Database system (K-FCDB))
S04_shellfish_dinner,C1,Baseline,4,해산물 저녁 추천,해산물 저녁 추천 || 건강한 저녁 메뉴 추천 || 650kcal 이하 저녁 식사,650.0,페이스트리_갈릭페스트리,빵 및 과자류,282.464355,351.0,8.0,401.0,3.0,,False,False,True,K-FCDB_음식DB,페이스트리_갈릭페스트리 | 분류: 빵 및 과자류 | 칼로리 351.0kcal | 단백질 8.0g | 나트륨 401.0mg | 당류 3.0g | (기준: 100g) | (출처: Korean Food Composition Database system (K-FCDB))
S04_shellfish_dinner,C1,Baseline,5,해산물 저녁 추천,해산물 저녁 추천 || 건강한 저녁 메뉴 추천 || 650kcal 이하 저녁 식사,650.0,페이스트리_소시지페스트리,빵 및 과자류,282.84436,356.0,11.0,687.0,4.0,,False,False,True,K-FCDB_음식DB,페이스트리_소시지페스트리 | 분류: 빵 및 과자류 | 칼로리 356.0kcal | 단백질 11.0g | 나트륨 687.0mg | 당류 4.0g | (기준: 100g) | (출처: Korean Food Composition Database system (K-FCDB))
S04_shellfish_dinner,C2,Retrieval allergen filter only,1,해산물 저녁 추천,해산물 저녁 추천 || 건강한 저녁 메뉴 추천 || 650kcal 이하 저녁 식사,650.0,샌드위치_에그쉬림프 샌드위치,빵 및 과자류,265.667419,205.0,7.6,549.0,5.4,,False,False,True,K-FCDB_음식DB,샌드위치_에그쉬림프 샌드위치 | 분류: 빵 및 과자류 | 칼로리 205.0kcal | 단백질 7.6g | 나트륨 549.0mg | 당류 5.4g | (기준: 100g) | (출처: Korean Food Composition Database system (K-FCDB))
S04_shellfish_dinner,C2,Retrieval allergen filter only,2,해산물 저녁 추천,해산물 저녁 추천 || 건강한 저녁 메뉴 추천 || 650kcal 이하 저녁 식사,650.0,샌드위치_잠봉뵈르소금버터롤,빵 및 과자류,271.798767,376.0,16.5,620.0,8.3,,False,False,True,K-FCDB_음식DB,샌드위치_잠봉뵈르소금버터롤 | 분류: 빵 및 과자류 | 칼로리 376.0kcal | 단백질 16.5g | 나트륨 620.0mg | 당류 8.3g | (기준: 100g) | (출처: Korean Food Composition Database system (K-FCDB))
S04_shellfish_dinner,C2,Retrieval allergen filter only,3,해산물 저녁 추천,해산물 저녁 추천 || 건강한 저녁 메뉴 추천 || 650kcal 이하 저녁 식사,650.0,크로켓(고로케)_납작김치고로전,빵 및 과자류,281.420715,304.0,6.4,488.0,8.0,,False,False,True,K-FCDB_음식DB,크로켓(고로케)_납작김치고로전 | 분류: 빵 및 과자류 | 칼로리 304.0kcal | 단백질 6.4g | 나트륨 488.0mg | 당류 8.0g | (기준: 100g) | (출처: Korean Food Composition Database system (K-FCDB))
S04_shellfish_dinner,C2,Retrieval allergen filter only,4,해산물 저녁 추천,해산물 저녁 추천 || 건강한 저녁 메뉴 추천 || 650kcal 이하 저녁 식사,650.0,페이스트리_갈릭페스트리,빵 및 과자류,282.464355,351.0,8.0,401.0,3.0,,False,False,True,K-FCDB_음식DB,페이스트리_갈릭페스트리 | 분류: 빵 및 과자류 | 칼로리 351.0kcal | 단백질 8.0g | 나트륨 401.0mg | 당류 3.0g | (기준: 100g) | (출처: Korean Food Composition Database system (K-FCDB))
S04_shellfish_dinner,C2,Retrieval allergen filter only,5,해산물 저녁 추천,해산물 저녁 추천 || 건강한 저녁 메뉴 추천 || 650kcal 이하 저녁 식사,650.0,페이스트리_소시지페스트리,빵 및 과자류,282.84436,356.0,11.0,687.0,4.0,,False,False,True,K-FCDB_음식DB,페이스트리_소시지페스트리 | 분류: 빵 및 과자류 | 칼로리 356.0kcal | 단백질 11.0g | 나트륨 687.0mg | 당류 4.0g | (기준: 100g) | (출처: Korean Food Composition Database system (K-FCDB))
S04_shellfish_dinner,C3,Calorie post-validator only,1,해산물 저녁 추천,해산물 저녁 추천 || 건강한 저녁 메뉴 추천 || 650kcal 이하 저녁 식사,650.0,샌드위치_에그쉬림프 샌드위치,빵 및 과자류,265.667419,205.0,7.6,549.0,5.4,,False,False,True,K-FCDB_음식DB,샌드위치_에그쉬림프 샌드위치 | 분류: 빵 및 과자류 | 칼로리 205.0kcal | 단백질 7.6g | 나트륨 549.0mg | 당류 5.4g | (기준: 100g) | (출처: Korean Food Composition Database system (K-FCDB))
S04_shellfish_dinner,C3,Calorie post-validator only,2,해산물 저녁 추천,해산물 저녁 추천 || 건강한 저녁 메뉴 추천 || 650kcal 이하 저녁 식사,650.0,샌드위치_잠봉뵈르소금버터롤,빵 및 과자류,271.798767,376.0,16.5,620.0,8.3,,False,False,True,K-FCDB_음식DB,샌드위치_잠봉뵈르소금버터롤 | 분류: 빵 및 과자류 | 칼로리 376.0kcal | 단백질 16.5g | 나트륨 620.0mg | 당류 8.3g | (기준: 100g) | (출처: Korean Food Composition Database system (K-FCDB))
S04_shellfish_dinner,C3,Calorie post-validator only,3,해산물 저녁 추천,해산물 저녁 추천 || 건강한 저녁 메뉴 추천 || 650kcal 이하 저녁 식사,650.0,크로켓(고로케)_납작김치고로전,빵 및 과자류,281.420715,304.0,6.4,488.0,8.0,,False,False,True,K-FCDB_음식DB,크로켓(고로케)_납작김치고로전 | 분류: 빵 및 과자류 | 칼로리 304.0kcal | 단백질 6.4g | 나트륨 488.0mg | 당류 8.0g | (기준: 100g) | (출처: Korean Food Composition Database system (K-FCDB))
S04_shellfish_dinner,C3,Calorie post-validator only,4,해산물 저녁 추천,해산물 저녁 추천 || 건강한 저녁 메뉴 추천 || 650kcal 이하 저녁 식사,650.0,페이스트리_갈릭페스트리,빵 및 과자류,282.464355,351.0,8.0,401.0,3.0,,False,False,True,K-FCDB_음식DB,페이스트리_갈릭페스트리 | 분류: 빵 및 과자류 | 칼로리 351.0kcal | 단백질 8.0g | 나트륨 401.0mg | 당류 3.0g | (기준: 100g) | (출처: Korean Food Composition Database system (K-FCDB))
S04_shellfish_dinner,C3,Calorie post-validator only,5,해산물 저녁 추천,해산물 저녁 추천 || 건강한 저녁 메뉴 추천 || 650kcal 이하 저녁 식사,650.0,페이스트리_소시지페스트리,빵 및 과자류,282.84436,356.0,11.0,687.0,4.0,,False,False,True,K-FCDB_음식DB,페이스트리_소시지페스트리 | 분류: 빵 및 과자류 | 칼로리 356.0kcal | 단백질 11.0g | 나트륨 687.0mg | 당류 4.0g | (기준: 100g) | (출처: Korean Food Composition Database system (K-FCDB))
S04_shellfish_dinner,C4,Full,1,해산물 저녁 추천,해산물 저녁 추천 || 건강한 저녁 메뉴 추천 || 650kcal 이하 저녁 식사,650.0,샌드위치_에그쉬림프 샌드위치,빵 및 과자류,265.667419,205.0,7.6,549.0,5.4,,False,False,True,K-FCDB_음식DB,샌드위치_에그쉬림프 샌드위치 | 분류: 빵 및 과자류 | 칼로리 205.0kcal | 단백질 7.6g | 나트륨 549.0mg | 당류 5.4g | (기준: 100g) | (출처: Korean Food Composition Database system (K-FCDB))
S04_shellfish_dinner,C4,Full,2,해산물 저녁 추천,해산물 저녁 추천 || 건강한 저녁 메뉴 추천 || 650kcal 이하 저녁 식사,650.0,샌드위치_잠봉뵈르소금버터롤,빵 및 과자류,271.798767,376.0,16.5,620.0,8.3,,False,False,True,K-FCDB_음식DB,샌드위치_잠봉뵈르소금버터롤 | 분류: 빵 및 과자류 | 칼로리 376.0kcal | 단백질 16.5g | 나트륨 620.0mg | 당류 8.3g | (기준: 100g) | (출처: Korean Food Composition Database system (K-FCDB))
S04_shellfish_dinner,C4,Full,3,해산물 저녁 추천,해산물 저녁 추천 || 건강한 저녁 메뉴 추천 || 650kcal 이하 저녁 식사,650.0,크로켓(고로케)_납작김치고로전,빵 및 과자류,281.420715,304.0,6.4,488.0,8.0,,False,False,True,K-FCDB_음식DB,크로켓(고로케)_납작김치고로전 | 분류: 빵 및 과자류 | 칼로리 304.0kcal | 단백질 6.4g | 나트륨 488.0mg | 당류 8.0g | (기준: 100g) | (출처: Korean Food Composition Database system (K-FCDB))
S04_shellfish_dinner,C4,Full,4,해산물 저녁 추천,해산물 저녁 추천 || 건강한 저녁 메뉴 추천 || 650kcal 이하 저녁 식사,650.0,페이스트리_갈릭페스트리,빵 및 과자류,282.464355,351.0,8.0,401.0,3.0,,False,False,True,K-FCDB_음식DB,페이스트리_갈릭페스트리 | 분류: 빵 및 과자류 | 칼로리 351.0kcal | 단백질 8.0g | 나트륨 401.0mg | 당류 3.0g | (기준: 100g) | (출처: Korean Food Composition Database system (K-FCDB))
S04_shellfish_dinner,C4,Full,5,해산물 저녁 추천,해산물 저녁 추천 || 건강한 저녁 메뉴 추천 || 650kcal 이하 저녁 식사,650.0,페이스트리_소시지페스트리,빵 및 과자류,282.84436,356.0,11.0,687.0,4.0,,False,False,True,K-FCDB_음식DB,페이스트리_소시지페스트리 | 분류: 빵 및 과자류 | 칼로리 356.0kcal | 단백질 11.0g | 나트륨 687.0mg | 당류 4.0g | (기준: 100g) | (출처: Korean Food Composition Database system (K-FCDB))
S05_wheat_lunch,C1,Baseline,1,면 요리 점심 추천,면 요리 점심 추천 || 건강한 점심 메뉴 추천 || 600kcal 이하 점심 식사,600.0,샌드위치_에그쉬림프 샌드위치,빵 및 과자류,277.555115,205.0,7.6,549.0,5.4,,True,False,True,K-FCDB_음식DB,샌드위치_에그쉬림프 샌드위치 | 분류: 빵 및 과자류 | 칼로리 205.0kcal | 단백질 7.6g | 나트륨 549.0mg | 당류 5.4g | (기준: 100g) | (출처: Korean Food Composition Database system (K-FCDB))
S05_wheat_lunch,C1,Baseline,2,면 요리 점심 추천,면 요리 점심 추천 || 건강한 점심 메뉴 추천 || 600kcal 이하 점심 식사,600.0,샌드위치_쉬림프에그마요샌드위치,빵 및 과자류,280.354797,204.0,7.9,329.0,4.8,,True,False,True,K-FCDB_음식DB,샌드위치_쉬림프에그마요샌드위치 | 분류: 빵 및 과자류 | 칼로리 204.0kcal | 단백질 7.9g | 나트륨 329.0mg | 당류 4.8g | (기준: 100g) | (출처: Korean Food Composition Database system (K-FCDB))
S05_wheat_lunch,C1,Baseline,3,면 요리 점심 추천,면 요리 점심 추천 || 건강한 점심 메뉴 추천 || 600kcal 이하 점심 식사,600.0,기타차_제로칼로리 복숭아 아이스티 노슈거 (초대용량),음료 및 차류,288.431946,1.0,0.1,2.0,,,False,False,True,K-FCDB_음식DB,기타차_제로칼로리 복숭아 아이스티 노슈거 (초대용량) | 분류: 음료 및 차류 | 칼로리 1.0kcal | 단백질 0.1g | 나트륨 2.0mg | (기준: 100ml) | (출처: Korean Food Composition Database system (K-FCDB))
S05_wheat_lunch,C1,Baseline,4,면 요리 점심 추천,면 요리 점심 추천 || 건강한 점심 메뉴 추천 || 600kcal 이하 점심 식사,600.0,라떼_리얼딸기우유,음료 및 차류,293.449158,65.0,0.7,7.0,0.8,,False,False,True,K-FCDB_음식DB,라떼_리얼딸기우유 | 분류: 음료 및 차류 | 칼로리 65.0kcal | 단백질 0.7g | 나트륨 7.0mg | 당류 0.8g | (기준: 100ml) | (출처: Korean Food Composition Database system (K-FCDB))
S05_wheat_lunch,C1,Baseline,5,면 요리 점심 추천,면 요리 점심 추천 || 건강한 점심 메뉴 추천 || 600kcal 이하 점심 식사,600.0,타르트_쉬림프 피자 타르트,빵 및 과자류,294.688843,280.0,6.0,520.0,10.0,,True,False,True,K-FCDB_음식DB,타르트_쉬림프 피자 타르트 | 분류: 빵 및 과자류 | 칼로리 280.0kcal | 단백질 6.0g | 나트륨 520.0mg | 당류 10.0g | (기준: 100g) | (출처: Korean Food Composition Database system (K-FCDB))
S05_wheat_lunch,C2,Retrieval allergen filter only,1,면 요리 점심 추천,면 요리 점심 추천 || 건강한 점심 메뉴 추천 || 600kcal 이하 점심 식사,600.0,기타차_제로칼로리 복숭아 아이스티 노슈거 (초대용량),음료 및 차류,288.431946,1.0,0.1,2.0,,,False,False,True,K-FCDB_음식DB,기타차_제로칼로리 복숭아 아이스티 노슈거 (초대용량) | 분류: 음료 및 차류 | 칼로리 1.0kcal | 단백질 0.1g | 나트륨 2.0mg | (기준: 100ml) | (출처: Korean Food Composition Database system (K-FCDB))
S05_wheat_lunch,C2,Retrieval allergen filter only,2,면 요리 점심 추천,면 요리 점심 추천 || 건강한 점심 메뉴 추천 || 600kcal 이하 점심 식사,600.0,라떼_리얼딸기우유,음료 및 차류,293.449158,65.0,0.7,7.0,0.8,,False,False,True,K-FCDB_음식DB,라떼_리얼딸기우유 | 분류: 음료 및 차류 | 칼로리 65.0kcal | 단백질 0.7g | 나트륨 7.0mg | 당류 0.8g | (기준: 100ml) | (출처: Korean Food Composition Database system (K-FCDB))
S05_wheat_lunch,C2,Retrieval allergen filter only,3,면 요리 점심 추천,면 요리 점심 추천 || 건강한 점심 메뉴 추천 || 600kcal 이하 점심 식사,600.0,오므라이스_수플레 오믈렛 라이스,밥류,300.486816,167.0,4.9,490.0,2.5,,False,False,True,K-FCDB_음식DB,오므라이스_수플레 오믈렛 라이스 | 분류: 밥류 | 칼로리 167.0kcal | 단백질 4.9g | 나트륨 490.0mg | 당류 2.5g | (기준: 100g) | (출처: Korean Food Composition Database system (K-FCDB))
S05_wheat_lunch,C2,Retrieval allergen filter only,4,면 요리 점심 추천,면 요리 점심 추천 || 건강한 점심 메뉴 추천 || 600kcal 이하 점심 식사,600.0,과ㆍ채주스_포멜로 크림 주스,음료 및 차류,300.992615,45.0,0.3,10.0,5.1,,False,False,True,K-FCDB_음식DB,과ㆍ채주스_포멜로 크림 주스 | 분류: 음료 및 차류 | 칼로리 45.0kcal | 단백질 0.3g | 나트륨 10.0mg | 당류 5.1g | (기준: 100ml) | (출처: Korean Food Composition Database system (K-FCDB))
S05_wheat_lunch,C2,Retrieval allergen filter only,5,면 요리 점심 추천,면 요리 점심 추천 || 건강한 점심 메뉴 추천 || 600kcal 이하 점심 식사,600.0,주먹밥_전주비빔라이스버거,밥류,301.011078,201.0,6.0,512.0,2.8,,False,False,True,K-FCDB_음식DB,주먹밥_전주비빔라이스버거 | 분류: 밥류 | 칼로리 201.0kcal | 단백질 6.0g | 나트륨 512.0mg | 당류 2.8g | (기준: 100g) | (출처: Korean Food Composition Database system (K-FCDB))
S05_wheat_lunch,C3,Calorie post-validator only,1,면 요리 점심 추천,면 요리 점심 추천 || 건강한 점심 메뉴 추천 || 600kcal 이하 점심 식사,600.0,샌드위치_에그쉬림프 샌드위치,빵 및 과자류,277.555115,205.0,7.6,549.0,5.4,,True,False,True,K-FCDB_음식DB,샌드위치_에그쉬림프 샌드위치 | 분류: 빵 및 과자류 | 칼로리 205.0kcal | 단백질 7.6g | 나트륨 549.0mg | 당류 5.4g | (기준: 100g) | (출처: Korean Food Composition Database system (K-FCDB))
S05_wheat_lunch,C3,Calorie post-validator only,2,면 요리 점심 추천,면 요리 점심 추천 || 건강한 점심 메뉴 추천 || 600kcal 이하 점심 식사,600.0,샌드위치_쉬림프에그마요샌드위치,빵 및 과자류,280.354797,204.0,7.9,329.0,4.8,,True,False,True,K-FCDB_음식DB,샌드위치_쉬림프에그마요샌드위치 | 분류: 빵 및 과자류 | 칼로리 204.0kcal | 단백질 7.9g | 나트륨 329.0mg | 당류 4.8g | (기준: 100g) | (출처: Korean Food Composition Database system (K-FCDB))
S05_wheat_lunch,C3,Calorie post-validator only,3,면 요리 점심 추천,면 요리 점심 추천 || 건강한 점심 메뉴 추천 || 600kcal 이하 점심 식사,600.0,기타차_제로칼로리 복숭아 아이스티 노슈거 (초대용량),음료 및 차류,288.431946,1.0,0.1,2.0,,,False,False,True,K-FCDB_음식DB,기타차_제로칼로리 복숭아 아이스티 노슈거 (초대용량) | 분류: 음료 및 차류 | 칼로리 1.0kcal | 단백질 0.1g | 나트륨 2.0mg | (기준: 100ml) | (출처: Korean Food Composition Database system (K-FCDB))
S05_wheat_lunch,C3,Calorie post-validator only,4,면 요리 점심 추천,면 요리 점심 추천 || 건강한 점심 메뉴 추천 || 600kcal 이하 점심 식사,600.0,라떼_리얼딸기우유,음료 및 차류,293.449158,65.0,0.7,7.0,0.8,,False,False,True,K-FCDB_음식DB,라떼_리얼딸기우유 | 분류: 음료 및 차류 | 칼로리 65.0kcal | 단백질 0.7g | 나트륨 7.0mg | 당류 0.8g | (기준: 100ml) | (출처: Korean Food Composition Database system (K-FCDB))
S05_wheat_lunch,C3,Calorie post-validator only,5,면 요리 점심 추천,면 요리 점심 추천 || 건강한 점심 메뉴 추천 || 600kcal 이하 점심 식사,600.0,타르트_쉬림프 피자 타르트,빵 및 과자류,294.688843,280.0,6.0,520.0,10.0,,True,False,True,K-FCDB_음식DB,타르트_쉬림프 피자 타르트 | 분류: 빵 및 과자류 | 칼로리 280.0kcal | 단백질 6.0g | 나트륨 520.0mg | 당류 10.0g | (기준: 100g) | (출처: Korean Food Composition Database system (K-FCDB))
S05_wheat_lunch,C4,Full,1,면 요리 점심 추천,면 요리 점심 추천 || 건강한 점심 메뉴 추천 || 600kcal 이하 점심 식사,600.0,기타차_제로칼로리 복숭아 아이스티 노슈거 (초대용량),음료 및 차류,288.431946,1.0,0.1,2.0,,,False,False,True,K-FCDB_음식DB,기타차_제로칼로리 복숭아 아이스티 노슈거 (초대용량) | 분류: 음료 및 차류 | 칼로리 1.0kcal | 단백질 0.1g | 나트륨 2.0mg | (기준: 100ml) | (출처: Korean Food Composition Database system (K-FCDB))
S05_wheat_lunch,C4,Full,2,면 요리 점심 추천,면 요리 점심 추천 || 건강한 점심 메뉴 추천 || 600kcal 이하 점심 식사,600.0,라떼_리얼딸기우유,음료 및 차류,293.449158,65.0,0.7,7.0,0.8,,False,False,True,K-FCDB_음식DB,라떼_리얼딸기우유 | 분류: 음료 및 차류 | 칼로리 65.0kcal | 단백질 0.7g | 나트륨 7.0mg | 당류 0.8g | (기준: 100ml) | (출처: Korean Food Composition Database system (K-FCDB))
S05_wheat_lunch,C4,Full,3,면 요리 점심 추천,면 요리 점심 추천 || 건강한 점심 메뉴 추천 || 600kcal 이하 점심 식사,600.0,오므라이스_수플레 오믈렛 라이스,밥류,300.486816,167.0,4.9,490.0,2.5,,False,False,True,K-FCDB_음식DB,오므라이스_수플레 오믈렛 라이스 | 분류: 밥류 | 칼로리 167.0kcal | 단백질 4.9g | 나트륨 490.0mg | 당류 2.5g | (기준: 100g) | (출처: Korean Food Composition Database system (K-FCDB))
S05_wheat_lunch,C4,Full,4,면 요리 점심 추천,면 요리 점심 추천 || 건강한 점심 메뉴 추천 || 600kcal 이하 점심 식사,600.0,과ㆍ채주스_포멜로 크림 주스,음료 및 차류,300.992615,45.0,0.3,10.0,5.1,,False,False,True,K-FCDB_음식DB,과ㆍ채주스_포멜로 크림 주스 | 분류: 음료 및 차류 | 칼로리 45.0kcal | 단백질 0.3g | 나트륨 10.0mg | 당류 5.1g | (기준: 100ml) | (출처: Korean Food Composition Database system (K-FCDB))
S05_wheat_lunch,C4,Full,5,면 요리 점심 추천,면 요리 점심 추천 || 건강한 점심 메뉴 추천 || 600kcal 이하 점심 식사,600.0,주먹밥_전주비빔라이스버거,밥류,301.011078,201.0,6.0,512.0,2.8,,False,False,True,K-FCDB_음식DB,주먹밥_전주비빔라이스버거 | 분류: 밥류 | 칼로리 201.0kcal | 단백질 6.0g | 나트륨 512.0mg | 당류 2.8g | (기준: 100g) | (출처: Korean Food Composition Database system (K-FCDB))
S06_egg_breakfast,C1,Baseline,1,아침 단백질 메뉴 추천,아침 단백질 메뉴 추천 || 근육 증가 아침 메뉴 || 450kcal 이하 아침 식사,450.0,기타차_제로칼로리 복숭아 아이스티 노슈거 (초대용량),음료 및 차류,281.649628,1.0,0.1,2.0,,,False,False,False,K-FCDB_음식DB,기타차_제로칼로리 복숭아 아이스티 노슈거 (초대용량) | 분류: 음료 및 차류 | 칼로리 1.0kcal | 단백질 0.1g | 나트륨 2.0mg | (기준: 100ml) | (출처: Korean Food Composition Database system (K-FCDB))
S06_egg_breakfast,C1,Baseline,2,아침 단백질 메뉴 추천,아침 단백질 메뉴 추천 || 근육 증가 아침 메뉴 || 450kcal 이하 아침 식사,450.0,과ㆍ채주스_포멜로 크림 주스,음료 및 차류,285.412964,45.0,0.3,10.0,5.1,,False,False,False,K-FCDB_음식DB,과ㆍ채주스_포멜로 크림 주스 | 분류: 음료 및 차류 | 칼로리 45.0kcal | 단백질 0.3g | 나트륨 10.0mg | 당류 5.1g | (기준: 100ml) | (출처: Korean Food Composition Database system (K-FCDB))
S06_egg_breakfast,C1,Baseline,3,아침 단백질 메뉴 추천,아침 단백질 메뉴 추천 || 근육 증가 아침 메뉴 || 450kcal 이하 아침 식사,450.0,샌드위치_쉬림프에그마요샌드위치,빵 및 과자류,286.373474,204.0,7.9,329.0,4.8,,True,False,False,K-FCDB_음식DB,샌드위치_쉬림프에그마요샌드위치 | 분류: 빵 및 과자류 | 칼로리 204.0kcal | 단백질 7.9g | 나트륨 329.0mg | 당류 4.8g | (기준: 100g) | (출처: Korean Food Composition Database system (K-FCDB))
S06_egg_breakfast,C1,Baseline,4,아침 단백질 메뉴 추천,아침 단백질 메뉴 추천 || 근육 증가 아침 메뉴 || 450kcal 이하 아침 식사,450.0,과ㆍ채주스_키위 쥬스 (L),음료 및 차류,287.386292,45.0,0.6,2.0,8.0,,False,False,False,K-FCDB_음식DB,과ㆍ채주스_키위 쥬스 (L) | 분류: 음료 및 차류 | 칼로리 45.0kcal | 단백질 0.6g | 나트륨 2.0mg | 당류 8.0g | (기준: 100g) | (출처: Korean Food Composition Database system (K-FCDB))
S06_egg_breakfast,C1,Baseline,5,아침 단백질 메뉴 추천,아침 단백질 메뉴 추천 || 근육 증가 아침 메뉴 || 450kcal 이하 아침 식사,450.0,샌드위치_콘참치샌드,빵 및 과자류,288.142883,201.0,5.0,324.0,11.2,,False,False,False,K-FCDB_음식DB,샌드위치_콘참치샌드 | 분류: 빵 및 과자류 | 칼로리 201.0kcal | 단백질 5.0g | 나트륨 324.0mg | 당류 11.2g | (기준: 100g) | (출처: Korean Food Composition Database system (K-FCDB))
S06_egg_breakfast,C2,Retrieval allergen filter only,1,아침 단백질 메뉴 추천,아침 단백질 메뉴 추천 || 근육 증가 아침 메뉴 || 450kcal 이하 아침 식사,450.0,기타차_제로칼로리 복숭아 아이스티 노슈거 (초대용량),음료 및 차류,281.649628,1.0,0.1,2.0,,,False,False,False,K-FCDB_음식DB,기타차_제로칼로리 복숭아 아이스티 노슈거 (초대용량) | 분류: 음료 및 차류 | 칼로리 1.0kcal | 단백질 0.1g | 나트륨 2.0mg | (기준: 100ml) | (출처: Korean Food Composition Database system (K-FCDB))
S06_egg_breakfast,C2,Retrieval allergen filter only,2,아침 단백질 메뉴 추천,아침 단백질 메뉴 추천 || 근육 증가 아침 메뉴 || 450kcal 이하 아침 식사,450.0,과ㆍ채주스_포멜로 크림 주스,음료 및 차류,285.412964,45.0,0.3,10.0,5.1,,False,False,False,K-FCDB_음식DB,과ㆍ채주스_포멜로 크림 주스 | 분류: 음료 및 차류 | 칼로리 45.0kcal | 단백질 0.3g | 나트륨 10.0mg | 당류 5.1g | (기준: 100ml) | (출처: Korean Food Composition Database system (K-FCDB))
S06_egg_breakfast,C2,Retrieval allergen filter only,3,아침 단백질 메뉴 추천,아침 단백질 메뉴 추천 || 근육 증가 아침 메뉴 || 450kcal 이하 아침 식사,450.0,과ㆍ채주스_키위 쥬스 (L),음료 및 차류,287.386292,45.0,0.6,2.0,8.0,,False,False,False,K-FCDB_음식DB,과ㆍ채주스_키위 쥬스 (L) | 분류: 음료 및 차류 | 칼로리 45.0kcal | 단백질 0.6g | 나트륨 2.0mg | 당류 8.0g | (기준: 100g) | (출처: Korean Food Composition Database system (K-FCDB))
S06_egg_breakfast,C2,Retrieval allergen filter only,4,아침 단백질 메뉴 추천,아침 단백질 메뉴 추천 || 근육 증가 아침 메뉴 || 450kcal 이하 아침 식사,450.0,샌드위치_콘참치샌드,빵 및 과자류,288.142883,201.0,5.0,324.0,11.2,,False,False,False,K-FCDB_음식DB,샌드위치_콘참치샌드 | 분류: 빵 및 과자류 | 칼로리 201.0kcal | 단백질 5.0g | 나트륨 324.0mg | 당류 11.2g | (기준: 100g) | (출처: Korean Food Composition Database system (K-FCDB))
S06_egg_breakfast,C2,Retrieval allergen filter only,5,아침 단백질 메뉴 추천,아침 단백질 메뉴 추천 || 근육 증가 아침 메뉴 || 450kcal 이하 아침 식사,450.0,스무디_커피 밀크 쉐이크,음료 및 차류,290.708069,50.0,1.0,12.0,6.2,,False,False,False,K-FCDB_음식DB,스무디_커피 밀크 쉐이크 | 분류: 음료 및 차류 | 칼로리 50.0kcal | 단백질 1.0g | 나트륨 12.0mg | 당류 6.2g | (기준: 100ml) | (출처: Korean Food Composition Database system (K-FCDB))
S06_egg_breakfast,C3,Calorie post-validator only,1,아침 단백질 메뉴 추천,아침 단백질 메뉴 추천 || 근육 증가 아침 메뉴 || 450kcal 이하 아침 식사,450.0,기타차_제로칼로리 복숭아 아이스티 노슈거 (초대용량),음료 및 차류,281.649628,1.0,0.1,2.0,,,False,False,False,K-FCDB_음식DB,기타차_제로칼로리 복숭아 아이스티 노슈거 (초대용량) | 분류: 음료 및 차류 | 칼로리 1.0kcal | 단백질 0.1g | 나트륨 2.0mg | (기준: 100ml) | (출처: Korean Food Composition Database system (K-FCDB))
S06_egg_breakfast,C3,Calorie post-validator only,2,아침 단백질 메뉴 추천,아침 단백질 메뉴 추천 || 근육 증가 아침 메뉴 || 450kcal 이하 아침 식사,450.0,과ㆍ채주스_포멜로 크림 주스,음료 및 차류,285.412964,45.0,0.3,10.0,5.1,,False,False,False,K-FCDB_음식DB,과ㆍ채주스_포멜로 크림 주스 | 분류: 음료 및 차류 | 칼로리 45.0kcal | 단백질 0.3g | 나트륨 10.0mg | 당류 5.1g | (기준: 100ml) | (출처: Korean Food Composition Database system (K-FCDB))
S06_egg_breakfast,C3,Calorie post-validator only,3,아침 단백질 메뉴 추천,아침 단백질 메뉴 추천 || 근육 증가 아침 메뉴 || 450kcal 이하 아침 식사,450.0,샌드위치_쉬림프에그마요샌드위치,빵 및 과자류,286.373474,204.0,7.9,329.0,4.8,,True,False,False,K-FCDB_음식DB,샌드위치_쉬림프에그마요샌드위치 | 분류: 빵 및 과자류 | 칼로리 204.0kcal | 단백질 7.9g | 나트륨 329.0mg | 당류 4.8g | (기준: 100g) | (출처: Korean Food Composition Database system (K-FCDB))
S06_egg_breakfast,C3,Calorie post-validator only,4,아침 단백질 메뉴 추천,아침 단백질 메뉴 추천 || 근육 증가 아침 메뉴 || 450kcal 이하 아침 식사,450.0,과ㆍ채주스_키위 쥬스 (L),음료 및 차류,287.386292,45.0,0.6,2.0,8.0,,False,False,False,K-FCDB_음식DB,과ㆍ채주스_키위 쥬스 (L) | 분류: 음료 및 차류 | 칼로리 45.0kcal | 단백질 0.6g | 나트륨 2.0mg | 당류 8.0g | (기준: 100g) | (출처: Korean Food Composition Database system (K-FCDB))
S06_egg_breakfast,C3,Calorie post-validator only,5,아침 단백질 메뉴 추천,아침 단백질 메뉴 추천 || 근육 증가 아침 메뉴 || 450kcal 이하 아침 식사,450.0,샌드위치_콘참치샌드,빵 및 과자류,288.142883,201.0,5.0,324.0,11.2,,False,False,False,K-FCDB_음식DB,샌드위치_콘참치샌드 | 분류: 빵 및 과자류 | 칼로리 201.0kcal | 단백질 5.0g | 나트륨 324.0mg | 당류 11.2g | (기준: 100g) | (출처: Korean Food Composition Database system (K-FCDB))
S06_egg_breakfast,C4,Full,1,아침 단백질 메뉴 추천,아침 단백질 메뉴 추천 || 근육 증가 아침 메뉴 || 450kcal 이하 아침 식사,450.0,기타차_제로칼로리 복숭아 아이스티 노슈거 (초대용량),음료 및 차류,281.649628,1.0,0.1,2.0,,,False,False,False,K-FCDB_음식DB,기타차_제로칼로리 복숭아 아이스티 노슈거 (초대용량) | 분류: 음료 및 차류 | 칼로리 1.0kcal | 단백질 0.1g | 나트륨 2.0mg | (기준: 100ml) | (출처: Korean Food Composition Database system (K-FCDB))
S06_egg_breakfast,C4,Full,2,아침 단백질 메뉴 추천,아침 단백질 메뉴 추천 || 근육 증가 아침 메뉴 || 450kcal 이하 아침 식사,450.0,과ㆍ채주스_포멜로 크림 주스,음료 및 차류,285.412964,45.0,0.3,10.0,5.1,,False,False,False,K-FCDB_음식DB,과ㆍ채주스_포멜로 크림 주스 | 분류: 음료 및 차류 | 칼로리 45.0kcal | 단백질 0.3g | 나트륨 10.0mg | 당류 5.1g | (기준: 100ml) | (출처: Korean Food Composition Database system (K-FCDB))
S06_egg_breakfast,C4,Full,3,아침 단백질 메뉴 추천,아침 단백질 메뉴 추천 || 근육 증가 아침 메뉴 || 450kcal 이하 아침 식사,450.0,과ㆍ채주스_키위 쥬스 (L),음료 및 차류,287.386292,45.0,0.6,2.0,8.0,,False,False,False,K-FCDB_음식DB,과ㆍ채주스_키위 쥬스 (L) | 분류: 음료 및 차류 | 칼로리 45.0kcal | 단백질 0.6g | 나트륨 2.0mg | 당류 8.0g | (기준: 100g) | (출처: Korean Food Composition Database system (K-FCDB))
S06_egg_breakfast,C4,Full,4,아침 단백질 메뉴 추천,아침 단백질 메뉴 추천 || 근육 증가 아침 메뉴 || 450kcal 이하 아침 식사,450.0,샌드위치_콘참치샌드,빵 및 과자류,288.142883,201.0,5.0,324.0,11.2,,False,False,False,K-FCDB_음식DB,샌드위치_콘참치샌드 | 분류: 빵 및 과자류 | 칼로리 201.0kcal | 단백질 5.0g | 나트륨 324.0mg | 당류 11.2g | (기준: 100g) | (출처: Korean Food Composition Database system (K-FCDB))
S06_egg_breakfast,C4,Full,5,아침 단백질 메뉴 추천,아침 단백질 메뉴 추천 || 근육 증가 아침 메뉴 || 450kcal 이하 아침 식사,450.0,스무디_커피 밀크 쉐이크,음료 및 차류,290.708069,50.0,1.0,12.0,6.2,,False,False,False,K-FCDB_음식DB,스무디_커피 밀크 쉐이크 | 분류: 음료 및 차류 | 칼로리 50.0kcal | 단백질 1.0g | 나트륨 12.0mg | 당류 6.2g | (기준: 100ml) | (출처: Korean Food Composition Database system (K-FCDB))
S07_soy_dinner,C1,Baseline,1,두부 중심 저녁 추천,두부 중심 저녁 추천 || 건강한 저녁 메뉴 추천 || 550kcal 이하 저녁 식사,550.0,샌드위치_에그쉬림프 샌드위치,빵 및 과자류,275.547058,205.0,7.6,549.0,5.4,,False,False,True,K-FCDB_음식DB,샌드위치_에그쉬림프 샌드위치 | 분류: 빵 및 과자류 | 칼로리 205.0kcal | 단백질 7.6g | 나트륨 549.0mg | 당류 5.4g | (기준: 100g) | (출처: Korean Food Composition Database system (K-FCDB))
S07_soy_dinner,C1,Baseline,2,두부 중심 저녁 추천,두부 중심 저녁 추천 || 건강한 저녁 메뉴 추천 || 550kcal 이하 저녁 식사,550.0,샌드위치_잠봉뵈르 샌드위치,빵 및 과자류,276.020752,290.0,15.5,542.0,2.6,,False,False,True,K-FCDB_음식DB,샌드위치_잠봉뵈르 샌드위치 | 분류: 빵 및 과자류 | 칼로리 290.0kcal | 단백질 15.5g | 나트륨 542.0mg | 당류 2.6g | (기준: 100g) | (출처: Korean Food Composition Database system (K-FCDB))
S07_soy_dinner,C1,Baseline,3,두부 중심 저녁 추천,두부 중심 저녁 추천 || 건강한 저녁 메뉴 추천 || 550kcal 이하 저녁 식사,550.0,케이크_브라우니,빵 및 과자류,277.304474,488.0,10.0,140.0,55.6,,False,False,True,K-FCDB_음식DB,케이크_브라우니 | 분류: 빵 및 과자류 | 칼로리 488.0kcal | 단백질 10.0g | 나트륨 140.0mg | 당류 55.6g | (기준: 100g) | (출처: Korean Food Composition Database system (K-FCDB))
S07_soy_dinner,C1,Baseline,4,두부 중심 저녁 추천,두부 중심 저녁 추천 || 건강한 저녁 메뉴 추천 || 550kcal 이하 저녁 식사,550.0,타르트_쉬림프 피자 타르트,빵 및 과자류,281.893036,280.0,6.0,520.0,10.0,,False,False,True,K-FCDB_음식DB,타르트_쉬림프 피자 타르트 | 분류: 빵 및 과자류 | 칼로리 280.0kcal | 단백질 6.0g | 나트륨 520.0mg | 당류 10.0g | (기준: 100g) | (출처: Korean Food Composition Database system (K-FCDB))
S07_soy_dinner,C1,Baseline,5,두부 중심 저녁 추천,두부 중심 저녁 추천 || 건강한 저녁 메뉴 추천 || 550kcal 이하 저녁 식사,550.0,주먹밥_전주비빔라이스버거,밥류,285.830994,201.0,6.0,512.0,2.8,,False,False,True,K-FCDB_음식DB,주먹밥_전주비빔라이스버거 | 분류: 밥류 | 칼로리 201.0kcal | 단백질 6.0g | 나트륨 512.0mg | 당류 2.8g | (기준: 100g) | (출처: Korean Food Composition Database system (K-FCDB))
S07_soy_dinner,C2,Retrieval allergen filter only,1,두부 중심 저녁 추천,두부 중심 저녁 추천 || 건강한 저녁 메뉴 추천 || 550kcal 이하 저녁 식사,550.0,샌드위치_에그쉬림프 샌드위치,빵 및 과자류,275.547058,205.0,7.6,549.0,5.4,,False,False,True,K-FCDB_음식DB,샌드위치_에그쉬림프 샌드위치 | 분류: 빵 및 과자류 | 칼로리 205.0kcal | 단백질 7.6g | 나트륨 549.0mg | 당류 5.4g | (기준: 100g) | (출처: Korean Food Composition Database system (K-FCDB))
S07_soy_dinner,C2,Retrieval allergen filter only,2,두부 중심 저녁 추천,두부 중심 저녁 추천 || 건강한 저녁 메뉴 추천 || 550kcal 이하 저녁 식사,550.0,샌드위치_잠봉뵈르 샌드위치,빵 및 과자류,276.020752,290.0,15.5,542.0,2.6,,False,False,True,K-FCDB_음식DB,샌드위치_잠봉뵈르 샌드위치 | 분류: 빵 및 과자류 | 칼로리 290.0kcal | 단백질 15.5g | 나트륨 542.0mg | 당류 2.6g | (기준: 100g) | (출처: Korean Food Composition Database system (K-FCDB))
S07_soy_dinner,C2,Retrieval allergen filter only,3,두부 중심 저녁 추천,두부 중심 저녁 추천 || 건강한 저녁 메뉴 추천 || 550kcal 이하 저녁 식사,550.0,케이크_브라우니,빵 및 과자류,277.304474,488.0,10.0,140.0,55.6,,False,False,True,K-FCDB_음식DB,케이크_브라우니 | 분류: 빵 및 과자류 | 칼로리 488.0kcal | 단백질 10.0g | 나트륨 140.0mg | 당류 55.6g | (기준: 100g) | (출처: Korean Food Composition Database system (K-FCDB))
S07_soy_dinner,C2,Retrieval allergen filter only,4,두부 중심 저녁 추천,두부 중심 저녁 추천 || 건강한 저녁 메뉴 추천 || 550kcal 이하 저녁 식사,550.0,타르트_쉬림프 피자 타르트,빵 및 과자류,281.893036,280.0,6.0,520.0,10.0,,False,False,True,K-FCDB_음식DB,타르트_쉬림프 피자 타르트 | 분류: 빵 및 과자류 | 칼로리 280.0kcal | 단백질 6.0g | 나트륨 520.0mg | 당류 10.0g | (기준: 100g) | (출처: Korean Food Composition Database system (K-FCDB))
S07_soy_dinner,C2,Retrieval allergen filter only,5,두부 중심 저녁 추천,두부 중심 저녁 추천 || 건강한 저녁 메뉴 추천 || 550kcal 이하 저녁 식사,550.0,주먹밥_전주비빔라이스버거,밥류,285.830994,201.0,6.0,512.0,2.8,,False,False,True,K-FCDB_음식DB,주먹밥_전주비빔라이스버거 | 분류: 밥류 | 칼로리 201.0kcal | 단백질 6.0g | 나트륨 512.0mg | 당류 2.8g | (기준: 100g) | (출처: Korean Food Composition Database system (K-FCDB))
S07_soy_dinner,C3,Calorie post-validator only,1,두부 중심 저녁 추천,두부 중심 저녁 추천 || 건강한 저녁 메뉴 추천 || 550kcal 이하 저녁 식사,550.0,샌드위치_에그쉬림프 샌드위치,빵 및 과자류,275.547058,205.0,7.6,549.0,5.4,,False,False,True,K-FCDB_음식DB,샌드위치_에그쉬림프 샌드위치 | 분류: 빵 및 과자류 | 칼로리 205.0kcal | 단백질 7.6g | 나트륨 549.0mg | 당류 5.4g | (기준: 100g) | (출처: Korean Food Composition Database system (K-FCDB))
S07_soy_dinner,C3,Calorie post-validator only,2,두부 중심 저녁 추천,두부 중심 저녁 추천 || 건강한 저녁 메뉴 추천 || 550kcal 이하 저녁 식사,550.0,샌드위치_잠봉뵈르 샌드위치,빵 및 과자류,276.020752,290.0,15.5,542.0,2.6,,False,False,True,K-FCDB_음식DB,샌드위치_잠봉뵈르 샌드위치 | 분류: 빵 및 과자류 | 칼로리 290.0kcal | 단백질 15.5g | 나트륨 542.0mg | 당류 2.6g | (기준: 100g) | (출처: Korean Food Composition Database system (K-FCDB))
S07_soy_dinner,C3,Calorie post-validator only,3,두부 중심 저녁 추천,두부 중심 저녁 추천 || 건강한 저녁 메뉴 추천 || 550kcal 이하 저녁 식사,550.0,케이크_브라우니,빵 및 과자류,277.304474,488.0,10.0,140.0,55.6,,False,False,True,K-FCDB_음식DB,케이크_브라우니 | 분류: 빵 및 과자류 | 칼로리 488.0kcal | 단백질 10.0g | 나트륨 140.0mg | 당류 55.6g | (기준: 100g) | (출처: Korean Food Composition Database system (K-FCDB))
S07_soy_dinner,C3,Calorie post-validator only,4,두부 중심 저녁 추천,두부 중심 저녁 추천 || 건강한 저녁 메뉴 추천 || 550kcal 이하 저녁 식사,550.0,타르트_쉬림프 피자 타르트,빵 및 과자류,281.893036,280.0,6.0,520.0,10.0,,False,False,True,K-FCDB_음식DB,타르트_쉬림프 피자 타르트 | 분류: 빵 및 과자류 | 칼로리 280.0kcal | 단백질 6.0g | 나트륨 520.0mg | 당류 10.0g | (기준: 100g) | (출처: Korean Food Composition Database system (K-FCDB))
S07_soy_dinner,C3,Calorie post-validator only,5,두부 중심 저녁 추천,두부 중심 저녁 추천 || 건강한 저녁 메뉴 추천 || 550kcal 이하 저녁 식사,550.0,주먹밥_전주비빔라이스버거,밥류,285.830994,201.0,6.0,512.0,2.8,,False,False,True,K-FCDB_음식DB,주먹밥_전주비빔라이스버거 | 분류: 밥류 | 칼로리 201.0kcal | 단백질 6.0g | 나트륨 512.0mg | 당류 2.8g | (기준: 100g) | (출처: Korean Food Composition Database system (K-FCDB))
S07_soy_dinner,C4,Full,1,두부 중심 저녁 추천,두부 중심 저녁 추천 || 건강한 저녁 메뉴 추천 || 550kcal 이하 저녁 식사,550.0,샌드위치_에그쉬림프 샌드위치,빵 및 과자류,275.547058,205.0,7.6,549.0,5.4,,False,False,True,K-FCDB_음식DB,샌드위치_에그쉬림프 샌드위치 | 분류: 빵 및 과자류 | 칼로리 205.0kcal | 단백질 7.6g | 나트륨 549.0mg | 당류 5.4g | (기준: 100g) | (출처: Korean Food Composition Database system (K-FCDB))
S07_soy_dinner,C4,Full,2,두부 중심 저녁 추천,두부 중심 저녁 추천 || 건강한 저녁 메뉴 추천 || 550kcal 이하 저녁 식사,550.0,샌드위치_잠봉뵈르 샌드위치,빵 및 과자류,276.020752,290.0,15.5,542.0,2.6,,False,False,True,K-FCDB_음식DB,샌드위치_잠봉뵈르 샌드위치 | 분류: 빵 및 과자류 | 칼로리 290.0kcal | 단백질 15.5g | 나트륨 542.0mg | 당류 2.6g | (기준: 100g) | (출처: Korean Food Composition Database system (K-FCDB))
S07_soy_dinner,C4,Full,3,두부 중심 저녁 추천,두부 중심 저녁 추천 || 건강한 저녁 메뉴 추천 || 550kcal 이하 저녁 식사,550.0,케이크_브라우니,빵 및 과자류,277.304474,488.0,10.0,140.0,55.6,,False,False,True,K-FCDB_음식DB,케이크_브라우니 | 분류: 빵 및 과자류 | 칼로리 488.0kcal | 단백질 10.0g | 나트륨 140.0mg | 당류 55.6g | (기준: 100g) | (출처: Korean Food Composition Database system (K-FCDB))
S07_soy_dinner,C4,Full,4,두부 중심 저녁 추천,두부 중심 저녁 추천 || 건강한 저녁 메뉴 추천 || 550kcal 이하 저녁 식사,550.0,타르트_쉬림프 피자 타르트,빵 및 과자류,281.893036,280.0,6.0,520.0,10.0,,False,False,True,K-FCDB_음식DB,타르트_쉬림프 피자 타르트 | 분류: 빵 및 과자류 | 칼로리 280.0kcal | 단백질 6.0g | 나트륨 520.0mg | 당류 10.0g | (기준: 100g) | (출처: Korean Food Composition Database system (K-FCDB))
S07_soy_dinner,C4,Full,5,두부 중심 저녁 추천,두부 중심 저녁 추천 || 건강한 저녁 메뉴 추천 || 550kcal 이하 저녁 식사,550.0,주먹밥_전주비빔라이스버거,밥류,285.830994,201.0,6.0,512.0,2.8,,False,False,True,K-FCDB_음식DB,주먹밥_전주비빔라이스버거 | 분류: 밥류 | 칼로리 201.0kcal | 단백질 6.0g | 나트륨 512.0mg | 당류 2.8g | (기준: 100g) | (출처: Korean Food Composition Database system (K-FCDB))
S08_mackerel_dinner,C1,Baseline,1,생선구이 저녁 추천,생선구이 저녁 추천 || 건강한 저녁 메뉴 추천 || 600kcal 이하 저녁 식사,600.0,샌드위치_에그쉬림프 샌드위치,빵 및 과자류,272.364044,205.0,7.6,549.0,5.4,,False,False,True,K-FCDB_음식DB,샌드위치_에그쉬림프 샌드위치 | 분류: 빵 및 과자류 | 칼로리 205.0kcal | 단백질 7.6g | 나트륨 549.0mg | 당류 5.4g | (기준: 100g) | (출처: Korean Food Composition Database system (K-FCDB))
S08_mackerel_dinner,C1,Baseline,2,생선구이 저녁 추천,생선구이 저녁 추천 || 건강한 저녁 메뉴 추천 || 600kcal 이하 저녁 식사,600.0,샌드위치_쉬림프에그마요샌드위치,빵 및 과자류,275.11438,204.0,7.9,329.0,4.8,,False,False,True,K-FCDB_음식DB,샌드위치_쉬림프에그마요샌드위치 | 분류: 빵 및 과자류 | 칼로리 204.0kcal | 단백질 7.9g | 나트륨 329.0mg | 당류 4.8g | (기준: 100g) | (출처: Korean Food Composition Database system (K-FCDB))
S08_mackerel_dinner,C1,Baseline,3,생선구이 저녁 추천,생선구이 저녁 추천 || 건강한 저녁 메뉴 추천 || 600kcal 이하 저녁 식사,600.0,기타차_제로칼로리 복숭아 아이스티 노슈거 (초대용량),음료 및 차류,278.818451,1.0,0.1,2.0,,,False,False,True,K-FCDB_음식DB,기타차_제로칼로리 복숭아 아이스티 노슈거 (초대용량) | 분류: 음료 및 차류 | 칼로리 1.0kcal | 단백질 0.1g | 나트륨 2.0mg | (기준: 100ml) | (출처: Korean Food Composition Database system (K-FCDB))
S08_mackerel_dinner,C1,Baseline,4,생선구이 저녁 추천,생선구이 저녁 추천 || 건강한 저녁 메뉴 추천 || 600kcal 이하 저녁 식사,600.0,라떼_리얼딸기우유,음료 및 차류,284.857788,65.0,0.7,7.0,0.8,,False,False,True,K-FCDB_음식DB,라떼_리얼딸기우유 | 분류: 음료 및 차류 | 칼로리 65.0kcal | 단백질 0.7g | 나트륨 7.0mg | 당류 0.8g | (기준: 100ml) | (출처: Korean Food Composition Database system (K-FCDB))
S08_mackerel_dinner,C1,Baseline,5,생선구이 저녁 추천,생선구이 저녁 추천 || 건강한 저녁 메뉴 추천 || 600kcal 이하 저녁 식사,600.0,비스킷/쿠키/크래커_마카롱꼬끄,빵 및 과자류,287.059235,400.0,8.0,60.0,25.0,,False,False,True,K-FCDB_음식DB,비스킷/쿠키/크래커_마카롱꼬끄 | 분류: 빵 및 과자류 | 칼로리 400.0kcal | 단백질 8.0g | 나트륨 60.0mg | 당류 25.0g | (기준: 100g) | (출처: Korean Food Composition Database system (K-FCDB))
S08_mackerel_dinner,C2,Retrieval allergen filter only,1,생선구이 저녁 추천,생선구이 저녁 추천 || 건강한 저녁 메뉴 추천 || 600kcal 이하 저녁 식사,600.0,샌드위치_에그쉬림프 샌드위치,빵 및 과자류,272.364044,205.0,7.6,549.0,5.4,,False,False,True,K-FCDB_음식DB,샌드위치_에그쉬림프 샌드위치 | 분류: 빵 및 과자류 | 칼로리 205.0kcal | 단백질 7.6g | 나트륨 549.0mg | 당류 5.4g | (기준: 100g) | (출처: Korean Food Composition Database system (K-FCDB))
S08_mackerel_dinner,C2,Retrieval allergen filter only,2,생선구이 저녁 추천,생선구이 저녁 추천 || 건강한 저녁 메뉴 추천 || 600kcal 이하 저녁 식사,600.0,샌드위치_쉬림프에그마요샌드위치,빵 및 과자류,275.11438,204.0,7.9,329.0,4.8,,False,False,True,K-FCDB_음식DB,샌드위치_쉬림프에그마요샌드위치 | 분류: 빵 및 과자류 | 칼로리 204.0kcal | 단백질 7.9g | 나트륨 329.0mg | 당류 4.8g | (기준: 100g) | (출처: Korean Food Composition Database system (K-FCDB))
S08_mackerel_dinner,C2,Retrieval allergen filter only,3,생선구이 저녁 추천,생선구이 저녁 추천 || 건강한 저녁 메뉴 추천 || 600kcal 이하 저녁 식사,600.0,기타차_제로칼로리 복숭아 아이스티 노슈거 (초대용량),음료 및 차류,278.818451,1.0,0.1,2.0,,,False,False,True,K-FCDB_음식DB,기타차_제로칼로리 복숭아 아이스티 노슈거 (초대용량) | 분류: 음료 및 차류 | 칼로리 1.0kcal | 단백질 0.1g | 나트륨 2.0mg | (기준: 100ml) | (출처: Korean Food Composition Database system (K-FCDB))
S08_mackerel_dinner,C2,Retrieval allergen filter only,4,생선구이 저녁 추천,생선구이 저녁 추천 || 건강한 저녁 메뉴 추천 || 600kcal 이하 저녁 식사,600.0,라떼_리얼딸기우유,음료 및 차류,284.857788,65.0,0.7,7.0,0.8,,False,False,True,K-FCDB_음식DB,라떼_리얼딸기우유 | 분류: 음료 및 차류 | 칼로리 65.0kcal | 단백질 0.7g | 나트륨 7.0mg | 당류 0.8g | (기준: 100ml) | (출처: Korean Food Composition Database system (K-FCDB))
S08_mackerel_dinner,C2,Retrieval allergen filter only,5,생선구이 저녁 추천,생선구이 저녁 추천 || 건강한 저녁 메뉴 추천 || 600kcal 이하 저녁 식사,600.0,비스킷/쿠키/크래커_마카롱꼬끄,빵 및 과자류,287.059235,400.0,8.0,60.0,25.0,,False,False,True,K-FCDB_음식DB,비스킷/쿠키/크래커_마카롱꼬끄 | 분류: 빵 및 과자류 | 칼로리 400.0kcal | 단백질 8.0g | 나트륨 60.0mg | 당류 25.0g | (기준: 100g) | (출처: Korean Food Composition Database system (K-FCDB))
S08_mackerel_dinner,C3,Calorie post-validator only,1,생선구이 저녁 추천,생선구이 저녁 추천 || 건강한 저녁 메뉴 추천 || 600kcal 이하 저녁 식사,600.0,샌드위치_에그쉬림프 샌드위치,빵 및 과자류,272.364044,205.0,7.6,549.0,5.4,,False,False,True,K-FCDB_음식DB,샌드위치_에그쉬림프 샌드위치 | 분류: 빵 및 과자류 | 칼로리 205.0kcal | 단백질 7.6g | 나트륨 549.0mg | 당류 5.4g | (기준: 100g) | (출처: Korean Food Composition Database system (K-FCDB))
S08_mackerel_dinner,C3,Calorie post-validator only,2,생선구이 저녁 추천,생선구이 저녁 추천 || 건강한 저녁 메뉴 추천 || 600kcal 이하 저녁 식사,600.0,샌드위치_쉬림프에그마요샌드위치,빵 및 과자류,275.11438,204.0,7.9,329.0,4.8,,False,False,True,K-FCDB_음식DB,샌드위치_쉬림프에그마요샌드위치 | 분류: 빵 및 과자류 | 칼로리 204.0kcal | 단백질 7.9g | 나트륨 329.0mg | 당류 4.8g | (기준: 100g) | (출처: Korean Food Composition Database system (K-FCDB))
S08_mackerel_dinner,C3,Calorie post-validator only,3,생선구이 저녁 추천,생선구이 저녁 추천 || 건강한 저녁 메뉴 추천 || 600kcal 이하 저녁 식사,600.0,기타차_제로칼로리 복숭아 아이스티 노슈거 (초대용량),음료 및 차류,278.818451,1.0,0.1,2.0,,,False,False,True,K-FCDB_음식DB,기타차_제로칼로리 복숭아 아이스티 노슈거 (초대용량) | 분류: 음료 및 차류 | 칼로리 1.0kcal | 단백질 0.1g | 나트륨 2.0mg | (기준: 100ml) | (출처: Korean Food Composition Database system (K-FCDB))
S08_mackerel_dinner,C3,Calorie post-validator only,4,생선구이 저녁 추천,생선구이 저녁 추천 || 건강한 저녁 메뉴 추천 || 600kcal 이하 저녁 식사,600.0,라떼_리얼딸기우유,음료 및 차류,284.857788,65.0,0.7,7.0,0.8,,False,False,True,K-FCDB_음식DB,라떼_리얼딸기우유 | 분류: 음료 및 차류 | 칼로리 65.0kcal | 단백질 0.7g | 나트륨 7.0mg | 당류 0.8g | (기준: 100ml) | (출처: Korean Food Composition Database system (K-FCDB))
S08_mackerel_dinner,C3,Calorie post-validator only,5,생선구이 저녁 추천,생선구이 저녁 추천 || 건강한 저녁 메뉴 추천 || 600kcal 이하 저녁 식사,600.0,비스킷/쿠키/크래커_마카롱꼬끄,빵 및 과자류,287.059235,400.0,8.0,60.0,25.0,,False,False,True,K-FCDB_음식DB,비스킷/쿠키/크래커_마카롱꼬끄 | 분류: 빵 및 과자류 | 칼로리 400.0kcal | 단백질 8.0g | 나트륨 60.0mg | 당류 25.0g | (기준: 100g) | (출처: Korean Food Composition Database system (K-FCDB))
S08_mackerel_dinner,C4,Full,1,생선구이 저녁 추천,생선구이 저녁 추천 || 건강한 저녁 메뉴 추천 || 600kcal 이하 저녁 식사,600.0,샌드위치_에그쉬림프 샌드위치,빵 및 과자류,272.364044,205.0,7.6,549.0,5.4,,False,False,True,K-FCDB_음식DB,샌드위치_에그쉬림프 샌드위치 | 분류: 빵 및 과자류 | 칼로리 205.0kcal | 단백질 7.6g | 나트륨 549.0mg | 당류 5.4g | (기준: 100g) | (출처: Korean Food Composition Database system (K-FCDB))
S08_mackerel_dinner,C4,Full,2,생선구이 저녁 추천,생선구이 저녁 추천 || 건강한 저녁 메뉴 추천 || 600kcal 이하 저녁 식사,600.0,샌드위치_쉬림프에그마요샌드위치,빵 및 과자류,275.11438,204.0,7.9,329.0,4.8,,False,False,True,K-FCDB_음식DB,샌드위치_쉬림프에그마요샌드위치 | 분류: 빵 및 과자류 | 칼로리 204.0kcal | 단백질 7.9g | 나트륨 329.0mg | 당류 4.8g | (기준: 100g) | (출처: Korean Food Composition Database system (K-FCDB))
S08_mackerel_dinner,C4,Full,3,생선구이 저녁 추천,생선구이 저녁 추천 || 건강한 저녁 메뉴 추천 || 600kcal 이하 저녁 식사,600.0,기타차_제로칼로리 복숭아 아이스티 노슈거 (초대용량),음료 및 차류,278.818451,1.0,0.1,2.0,,,False,False,True,K-FCDB_음식DB,기타차_제로칼로리 복숭아 아이스티 노슈거 (초대용량) | 분류: 음료 및 차류 | 칼로리 1.0kcal | 단백질 0.1g | 나트륨 2.0mg | (기준: 100ml) | (출처: Korean Food Composition Database system (K-FCDB))
S08_mackerel_dinner,C4,Full,4,생선구이 저녁 추천,생선구이 저녁 추천 || 건강한 저녁 메뉴 추천 || 600kcal 이하 저녁 식사,600.0,라떼_리얼딸기우유,음료 및 차류,284.857788,65.0,0.7,7.0,0.8,,False,False,True,K-FCDB_음식DB,라떼_리얼딸기우유 | 분류: 음료 및 차류 | 칼로리 65.0kcal | 단백질 0.7g | 나트륨 7.0mg | 당류 0.8g | (기준: 100ml) | (출처: Korean Food Composition Database system (K-FCDB))
S08_mackerel_dinner,C4,Full,5,생선구이 저녁 추천,생선구이 저녁 추천 || 건강한 저녁 메뉴 추천 || 600kcal 이하 저녁 식사,600.0,비스킷/쿠키/크래커_마카롱꼬끄,빵 및 과자류,287.059235,400.0,8.0,60.0,25.0,,False,False,True,K-FCDB_음식DB,비스킷/쿠키/크래커_마카롱꼬끄 | 분류: 빵 및 과자류 | 칼로리 400.0kcal | 단백질 8.0g | 나트륨 60.0mg | 당류 25.0g | (기준: 100g) | (출처: Korean Food Composition Database system (K-FCDB))
S09_diabetes_lunch,C1,Baseline,1,당뇨 점심 추천,당뇨 점심 추천 || 건강한 점심 메뉴 추천 || 당뇨 맞춤 식단 가이드라인 || 650kcal 이하 점심 식사,650.0,샌드위치_에그쉬림프 샌드위치,빵 및 과자류,274.612366,205.0,7.6,549.0,5.4,,False,False,False,K-FCDB_음식DB,샌드위치_에그쉬림프 샌드위치 | 분류: 빵 및 과자류 | 칼로리 205.0kcal | 단백질 7.6g | 나트륨 549.0mg | 당류 5.4g | (기준: 100g) | (출처: Korean Food Composition Database system (K-FCDB))
S09_diabetes_lunch,C1,Baseline,2,당뇨 점심 추천,당뇨 점심 추천 || 건강한 점심 메뉴 추천 || 당뇨 맞춤 식단 가이드라인 || 650kcal 이하 점심 식사,650.0,샌드위치_잠봉뵈르 샌드위치,빵 및 과자류,283.042938,290.0,15.5,542.0,2.6,,False,False,False,K-FCDB_음식DB,샌드위치_잠봉뵈르 샌드위치 | 분류: 빵 및 과자류 | 칼로리 290.0kcal | 단백질 15.5g | 나트륨 542.0mg | 당류 2.6g | (기준: 100g) | (출처: Korean Food Composition Database system (K-FCDB))
S09_diabetes_lunch,C1,Baseline,3,당뇨 점심 추천,당뇨 점심 추천 || 건강한 점심 메뉴 추천 || 당뇨 맞춤 식단 가이드라인 || 650kcal 이하 점심 식사,650.0,페이스트리_소시지페스트리,빵 및 과자류,293.905975,356.0,11.0,687.0,4.0,,False,False,False,K-FCDB_음식DB,페이스트리_소시지페스트리 | 분류: 빵 및 과자류 | 칼로리 356.0kcal | 단백질 11.0g | 나트륨 687.0mg | 당류 4.0g | (기준: 100g) | (출처: Korean Food Composition Database system (K-FCDB))
S09_diabetes_lunch,C1,Baseline,4,당뇨 점심 추천,당뇨 점심 추천 || 건강한 점심 메뉴 추천 || 당뇨 맞춤 식단 가이드라인 || 650kcal 이하 점심 식사,650.0,크로켓(고로케)_납작김치고로전,빵 및 과자류,294.776917,304.0,6.4,488.0,8.0,,False,False,False,K-FCDB_음식DB,크로켓(고로케)_납작김치고로전 | 분류: 빵 및 과자류 | 칼로리 304.0kcal | 단백질 6.4g | 나트륨 488.0mg | 당류 8.0g | (기준: 100g) | (출처: Korean Food Composition Database system (K-FCDB))
S09_diabetes_lunch,C1,Baseline,5,당뇨 점심 추천,당뇨 점심 추천 || 건강한 점심 메뉴 추천 || 당뇨 맞춤 식단 가이드라인 || 650kcal 이하 점심 식사,650.0,비스킷/쿠키/크래커_마카롱꼬끄,빵 및 과자류,295.466492,400.0,8.0,60.0,25.0,,False,False,False,K-FCDB_음식DB,비스킷/쿠키/크래커_마카롱꼬끄 | 분류: 빵 및 과자류 | 칼로리 400.0kcal | 단백질 8.0g | 나트륨 60.0mg | 당류 25.0g | (기준: 100g) | (출처: Korean Food Composition Database system (K-FCDB))
S09_diabetes_lunch,C2,Retrieval allergen filter only,1,당뇨 점심 추천,당뇨 점심 추천 || 건강한 점심 메뉴 추천 || 당뇨 맞춤 식단 가이드라인 || 650kcal 이하 점심 식사,650.0,샌드위치_에그쉬림프 샌드위치,빵 및 과자류,274.612366,205.0,7.6,549.0,5.4,,False,False,False,K-FCDB_음식DB,샌드위치_에그쉬림프 샌드위치 | 분류: 빵 및 과자류 | 칼로리 205.0kcal | 단백질 7.6g | 나트륨 549.0mg | 당류 5.4g | (기준: 100g) | (출처: Korean Food Composition Database system (K-FCDB))
S09_diabetes_lunch,C2,Retrieval allergen filter only,2,당뇨 점심 추천,당뇨 점심 추천 || 건강한 점심 메뉴 추천 || 당뇨 맞춤 식단 가이드라인 || 650kcal 이하 점심 식사,650.0,샌드위치_잠봉뵈르 샌드위치,빵 및 과자류,283.042938,290.0,15.5,542.0,2.6,,False,False,False,K-FCDB_음식DB,샌드위치_잠봉뵈르 샌드위치 | 분류: 빵 및 과자류 | 칼로리 290.0kcal | 단백질 15.5g | 나트륨 542.0mg | 당류 2.6g | (기준: 100g) | (출처: Korean Food Composition Database system (K-FCDB))
S09_diabetes_lunch,C2,Retrieval allergen filter only,3,당뇨 점심 추천,당뇨 점심 추천 || 건강한 점심 메뉴 추천 || 당뇨 맞춤 식단 가이드라인 || 650kcal 이하 점심 식사,650.0,페이스트리_소시지페스트리,빵 및 과자류,293.905975,356.0,11.0,687.0,4.0,,False,False,False,K-FCDB_음식DB,페이스트리_소시지페스트리 | 분류: 빵 및 과자류 | 칼로리 356.0kcal | 단백질 11.0g | 나트륨 687.0mg | 당류 4.0g | (기준: 100g) | (출처: Korean Food Composition Database system (K-FCDB))
S09_diabetes_lunch,C2,Retrieval allergen filter only,4,당뇨 점심 추천,당뇨 점심 추천 || 건강한 점심 메뉴 추천 || 당뇨 맞춤 식단 가이드라인 || 650kcal 이하 점심 식사,650.0,크로켓(고로케)_납작김치고로전,빵 및 과자류,294.776917,304.0,6.4,488.0,8.0,,False,False,False,K-FCDB_음식DB,크로켓(고로케)_납작김치고로전 | 분류: 빵 및 과자류 | 칼로리 304.0kcal | 단백질 6.4g | 나트륨 488.0mg | 당류 8.0g | (기준: 100g) | (출처: Korean Food Composition Database system (K-FCDB))
S09_diabetes_lunch,C2,Retrieval allergen filter only,5,당뇨 점심 추천,당뇨 점심 추천 || 건강한 점심 메뉴 추천 || 당뇨 맞춤 식단 가이드라인 || 650kcal 이하 점심 식사,650.0,비스킷/쿠키/크래커_마카롱꼬끄,빵 및 과자류,295.466492,400.0,8.0,60.0,25.0,,False,False,False,K-FCDB_음식DB,비스킷/쿠키/크래커_마카롱꼬끄 | 분류: 빵 및 과자류 | 칼로리 400.0kcal | 단백질 8.0g | 나트륨 60.0mg | 당류 25.0g | (기준: 100g) | (출처: Korean Food Composition Database system (K-FCDB))
S09_diabetes_lunch,C3,Calorie post-validator only,1,당뇨 점심 추천,당뇨 점심 추천 || 건강한 점심 메뉴 추천 || 당뇨 맞춤 식단 가이드라인 || 650kcal 이하 점심 식사,650.0,샌드위치_에그쉬림프 샌드위치,빵 및 과자류,274.612366,205.0,7.6,549.0,5.4,,False,False,False,K-FCDB_음식DB,샌드위치_에그쉬림프 샌드위치 | 분류: 빵 및 과자류 | 칼로리 205.0kcal | 단백질 7.6g | 나트륨 549.0mg | 당류 5.4g | (기준: 100g) | (출처: Korean Food Composition Database system (K-FCDB))
S09_diabetes_lunch,C3,Calorie post-validator only,2,당뇨 점심 추천,당뇨 점심 추천 || 건강한 점심 메뉴 추천 || 당뇨 맞춤 식단 가이드라인 || 650kcal 이하 점심 식사,650.0,샌드위치_잠봉뵈르 샌드위치,빵 및 과자류,283.042938,290.0,15.5,542.0,2.6,,False,False,False,K-FCDB_음식DB,샌드위치_잠봉뵈르 샌드위치 | 분류: 빵 및 과자류 | 칼로리 290.0kcal | 단백질 15.5g | 나트륨 542.0mg | 당류 2.6g | (기준: 100g) | (출처: Korean Food Composition Database system (K-FCDB))
S09_diabetes_lunch,C3,Calorie post-validator only,3,당뇨 점심 추천,당뇨 점심 추천 || 건강한 점심 메뉴 추천 || 당뇨 맞춤 식단 가이드라인 || 650kcal 이하 점심 식사,650.0,페이스트리_소시지페스트리,빵 및 과자류,293.905975,356.0,11.0,687.0,4.0,,False,False,False,K-FCDB_음식DB,페이스트리_소시지페스트리 | 분류: 빵 및 과자류 | 칼로리 356.0kcal | 단백질 11.0g | 나트륨 687.0mg | 당류 4.0g | (기준: 100g) | (출처: Korean Food Composition Database system (K-FCDB))
S09_diabetes_lunch,C3,Calorie post-validator only,4,당뇨 점심 추천,당뇨 점심 추천 || 건강한 점심 메뉴 추천 || 당뇨 맞춤 식단 가이드라인 || 650kcal 이하 점심 식사,650.0,크로켓(고로케)_납작김치고로전,빵 및 과자류,294.776917,304.0,6.4,488.0,8.0,,False,False,False,K-FCDB_음식DB,크로켓(고로케)_납작김치고로전 | 분류: 빵 및 과자류 | 칼로리 304.0kcal | 단백질 6.4g | 나트륨 488.0mg | 당류 8.0g | (기준: 100g) | (출처: Korean Food Composition Database system (K-FCDB))
S09_diabetes_lunch,C3,Calorie post-validator only,5,당뇨 점심 추천,당뇨 점심 추천 || 건강한 점심 메뉴 추천 || 당뇨 맞춤 식단 가이드라인 || 650kcal 이하 점심 식사,650.0,비스킷/쿠키/크래커_마카롱꼬끄,빵 및 과자류,295.466492,400.0,8.0,60.0,25.0,,False,False,False,K-FCDB_음식DB,비스킷/쿠키/크래커_마카롱꼬끄 | 분류: 빵 및 과자류 | 칼로리 400.0kcal | 단백질 8.0g | 나트륨 60.0mg | 당류 25.0g | (기준: 100g) | (출처: Korean Food Composition Database system (K-FCDB))
S09_diabetes_lunch,C4,Full,1,당뇨 점심 추천,당뇨 점심 추천 || 건강한 점심 메뉴 추천 || 당뇨 맞춤 식단 가이드라인 || 650kcal 이하 점심 식사,650.0,샌드위치_에그쉬림프 샌드위치,빵 및 과자류,274.612366,205.0,7.6,549.0,5.4,,False,False,False,K-FCDB_음식DB,샌드위치_에그쉬림프 샌드위치 | 분류: 빵 및 과자류 | 칼로리 205.0kcal | 단백질 7.6g | 나트륨 549.0mg | 당류 5.4g | (기준: 100g) | (출처: Korean Food Composition Database system (K-FCDB))
S09_diabetes_lunch,C4,Full,2,당뇨 점심 추천,당뇨 점심 추천 || 건강한 점심 메뉴 추천 || 당뇨 맞춤 식단 가이드라인 || 650kcal 이하 점심 식사,650.0,샌드위치_잠봉뵈르 샌드위치,빵 및 과자류,283.042938,290.0,15.5,542.0,2.6,,False,False,False,K-FCDB_음식DB,샌드위치_잠봉뵈르 샌드위치 | 분류: 빵 및 과자류 | 칼로리 290.0kcal | 단백질 15.5g | 나트륨 542.0mg | 당류 2.6g | (기준: 100g) | (출처: Korean Food Composition Database system (K-FCDB))
S09_diabetes_lunch,C4,Full,3,당뇨 점심 추천,당뇨 점심 추천 || 건강한 점심 메뉴 추천 || 당뇨 맞춤 식단 가이드라인 || 650kcal 이하 점심 식사,650.0,페이스트리_소시지페스트리,빵 및 과자류,293.905975,356.0,11.0,687.0,4.0,,False,False,False,K-FCDB_음식DB,페이스트리_소시지페스트리 | 분류: 빵 및 과자류 | 칼로리 356.0kcal | 단백질 11.0g | 나트륨 687.0mg | 당류 4.0g | (기준: 100g) | (출처: Korean Food Composition Database system (K-FCDB))
S09_diabetes_lunch,C4,Full,4,당뇨 점심 추천,당뇨 점심 추천 || 건강한 점심 메뉴 추천 || 당뇨 맞춤 식단 가이드라인 || 650kcal 이하 점심 식사,650.0,크로켓(고로케)_납작김치고로전,빵 및 과자류,294.776917,304.0,6.4,488.0,8.0,,False,False,False,K-FCDB_음식DB,크로켓(고로케)_납작김치고로전 | 분류: 빵 및 과자류 | 칼로리 304.0kcal | 단백질 6.4g | 나트륨 488.0mg | 당류 8.0g | (기준: 100g) | (출처: Korean Food Composition Database system (K-FCDB))
S09_diabetes_lunch,C4,Full,5,당뇨 점심 추천,당뇨 점심 추천 || 건강한 점심 메뉴 추천 || 당뇨 맞춤 식단 가이드라인 || 650kcal 이하 점심 식사,650.0,비스킷/쿠키/크래커_마카롱꼬끄,빵 및 과자류,295.466492,400.0,8.0,60.0,25.0,,False,False,False,K-FCDB_음식DB,비스킷/쿠키/크래커_마카롱꼬끄 | 분류: 빵 및 과자류 | 칼로리 400.0kcal | 단백질 8.0g | 나트륨 60.0mg | 당류 25.0g | (기준: 100g) | (출처: Korean Food Composition Database system (K-FCDB))
S10_diabetes_snack,C1,Baseline,1,당뇨 간식 추천,당뇨 간식 추천 || 건강한 간식 메뉴 추천 || 당뇨 맞춤 식단 가이드라인 || 250kcal 이하 간식 식사,250.0,샌드위치_에그튜나 샌드위치,빵 및 과자류,272.056976,254.0,9.0,328.0,5.2,,False,False,False,K-FCDB_음식DB,샌드위치_에그튜나 샌드위치 | 분류: 빵 및 과자류 | 칼로리 254.0kcal | 단백질 9.0g | 나트륨 328.0mg | 당류 5.2g | (기준: 100g) | (출처: Korean Food Composition Database system (K-FCDB))
S10_diabetes_snack,C1,Baseline,2,당뇨 간식 추천,당뇨 간식 추천 || 건강한 간식 메뉴 추천 || 당뇨 맞춤 식단 가이드라인 || 250kcal 이하 간식 식사,250.0,샌드위치_쿠키 & 크림 샌디,빵 및 과자류,272.351471,260.0,3.6,169.0,17.3,,False,False,False,K-FCDB_음식DB,샌드위치_쿠키 & 크림 샌디 | 분류: 빵 및 과자류 | 칼로리 260.0kcal | 단백질 3.6g | 나트륨 169.0mg | 당류 17.3g | (기준: 100g) | (출처: Korean Food Composition Database system (K-FCDB))
S10_diabetes_snack,C1,Baseline,3,당뇨 간식 추천,당뇨 간식 추천 || 건강한 간식 메뉴 추천 || 당뇨 맞춤 식단 가이드라인 || 250kcal 이하 간식 식사,250.0,타르트_무화과 레어치즈 타르트,빵 및 과자류,278.13031,250.0,3.0,120.0,13.0,,False,False,False,K-FCDB_음식DB,타르트_무화과 레어치즈 타르트 | 분류: 빵 및 과자류 | 칼로리 250.0kcal | 단백질 3.0g | 나트륨 120.0mg | 당류 13.0g | (기준: 100g) | (출처: Korean Food Composition Database system (K-FCDB))
S10_diabetes_snack,C1,Baseline,4,당뇨 간식 추천,당뇨 간식 추천 || 건강한 간식 메뉴 추천 || 당뇨 맞춤 식단 가이드라인 || 250kcal 이하 간식 식사,250.0,케이크_떠먹는 티라미수,빵 및 과자류,281.48407,263.0,2.7,75.0,21.3,,False,False,False,K-FCDB_음식DB,케이크_떠먹는 티라미수 | 분류: 빵 및 과자류 | 칼로리 263.0kcal | 단백질 2.7g | 나트륨 75.0mg | 당류 21.3g | (기준: 100g) | (출처: Korean Food Composition Database system (K-FCDB))
S10_diabetes_snack,C1,Baseline,5,당뇨 간식 추천,당뇨 간식 추천 || 건강한 간식 메뉴 추천 || 당뇨 맞춤 식단 가이드라인 || 250kcal 이하 간식 식사,250.0,와플_민트초코 아이스크림 와플,빵 및 과자류,281.992371,252.0,3.3,170.0,19.5,,False,False,False,K-FCDB_음식DB,와플_민트초코 아이스크림 와플 | 분류: 빵 및 과자류 | 칼로리 252.0kcal | 단백질 3.3g | 나트륨 170.0mg | 당류 19.5g | (기준: 100g) | (출처: Korean Food Composition Database system (K-FCDB))
S10_diabetes_snack,C2,Retrieval allergen filter only,1,당뇨 간식 추천,당뇨 간식 추천 || 건강한 간식 메뉴 추천 || 당뇨 맞춤 식단 가이드라인 || 250kcal 이하 간식 식사,250.0,샌드위치_에그튜나 샌드위치,빵 및 과자류,272.056976,254.0,9.0,328.0,5.2,,False,False,False,K-FCDB_음식DB,샌드위치_에그튜나 샌드위치 | 분류: 빵 및 과자류 | 칼로리 254.0kcal | 단백질 9.0g | 나트륨 328.0mg | 당류 5.2g | (기준: 100g) | (출처: Korean Food Composition Database system (K-FCDB))
S10_diabetes_snack,C2,Retrieval allergen filter only,2,당뇨 간식 추천,당뇨 간식 추천 || 건강한 간식 메뉴 추천 || 당뇨 맞춤 식단 가이드라인 || 250kcal 이하 간식 식사,250.0,샌드위치_쿠키 & 크림 샌디,빵 및 과자류,272.351471,260.0,3.6,169.0,17.3,,False,False,False,K-FCDB_음식DB,샌드위치_쿠키 & 크림 샌디 | 분류: 빵 및 과자류 | 칼로리 260.0kcal | 단백질 3.6g | 나트륨 169.0mg | 당류 17.3g | (기준: 100g) | (출처: Korean Food Composition Database system (K-FCDB))
S10_diabetes_snack,C2,Retrieval allergen filter only,3,당뇨 간식 추천,당뇨 간식 추천 || 건강한 간식 메뉴 추천 || 당뇨 맞춤 식단 가이드라인 || 250kcal 이하 간식 식사,250.0,타르트_무화과 레어치즈 타르트,빵 및 과자류,278.13031,250.0,3.0,120.0,13.0,,False,False,False,K-FCDB_음식DB,타르트_무화과 레어치즈 타르트 | 분류: 빵 및 과자류 | 칼로리 250.0kcal | 단백질 3.0g | 나트륨 120.0mg | 당류 13.0g | (기준: 100g) | (출처: Korean Food Composition Database system (K-FCDB))
S10_diabetes_snack,C2,Retrieval allergen filter only,4,당뇨 간식 추천,당뇨 간식 추천 || 건강한 간식 메뉴 추천 || 당뇨 맞춤 식단 가이드라인 || 250kcal 이하 간식 식사,250.0,케이크_떠먹는 티라미수,빵 및 과자류,281.48407,263.0,2.7,75.0,21.3,,False,False,False,K-FCDB_음식DB,케이크_떠먹는 티라미수 | 분류: 빵 및 과자류 | 칼로리 263.0kcal | 단백질 2.7g | 나트륨 75.0mg | 당류 21.3g | (기준: 100g) | (출처: Korean Food Composition Database system (K-FCDB))
S10_diabetes_snack,C2,Retrieval allergen filter only,5,당뇨 간식 추천,당뇨 간식 추천 || 건강한 간식 메뉴 추천 || 당뇨 맞춤 식단 가이드라인 || 250kcal 이하 간식 식사,250.0,와플_민트초코 아이스크림 와플,빵 및 과자류,281.992371,252.0,3.3,170.0,19.5,,False,False,False,K-FCDB_음식DB,와플_민트초코 아이스크림 와플 | 분류: 빵 및 과자류 | 칼로리 252.0kcal | 단백질 3.3g | 나트륨 170.0mg | 당류 19.5g | (기준: 100g) | (출처: Korean Food Composition Database system (K-FCDB))
S10_diabetes_snack,C3,Calorie post-validator only,1,당뇨 간식 추천,당뇨 간식 추천 || 건강한 간식 메뉴 추천 || 당뇨 맞춤 식단 가이드라인 || 250kcal 이하 간식 식사,250.0,샌드위치_에그튜나 샌드위치,빵 및 과자류,272.056976,254.0,9.0,328.0,5.2,,False,False,False,K-FCDB_음식DB,샌드위치_에그튜나 샌드위치 | 분류: 빵 및 과자류 | 칼로리 254.0kcal | 단백질 9.0g | 나트륨 328.0mg | 당류 5.2g | (기준: 100g) | (출처: Korean Food Composition Database system (K-FCDB))
S10_diabetes_snack,C3,Calorie post-validator only,2,당뇨 간식 추천,당뇨 간식 추천 || 건강한 간식 메뉴 추천 || 당뇨 맞춤 식단 가이드라인 || 250kcal 이하 간식 식사,250.0,샌드위치_쿠키 & 크림 샌디,빵 및 과자류,272.351471,260.0,3.6,169.0,17.3,,False,False,False,K-FCDB_음식DB,샌드위치_쿠키 & 크림 샌디 | 분류: 빵 및 과자류 | 칼로리 260.0kcal | 단백질 3.6g | 나트륨 169.0mg | 당류 17.3g | (기준: 100g) | (출처: Korean Food Composition Database system (K-FCDB))
S10_diabetes_snack,C3,Calorie post-validator only,3,당뇨 간식 추천,당뇨 간식 추천 || 건강한 간식 메뉴 추천 || 당뇨 맞춤 식단 가이드라인 || 250kcal 이하 간식 식사,250.0,타르트_무화과 레어치즈 타르트,빵 및 과자류,278.13031,250.0,3.0,120.0,13.0,,False,False,False,K-FCDB_음식DB,타르트_무화과 레어치즈 타르트 | 분류: 빵 및 과자류 | 칼로리 250.0kcal | 단백질 3.0g | 나트륨 120.0mg | 당류 13.0g | (기준: 100g) | (출처: Korean Food Composition Database system (K-FCDB))
S10_diabetes_snack,C3,Calorie post-validator only,4,당뇨 간식 추천,당뇨 간식 추천 || 건강한 간식 메뉴 추천 || 당뇨 맞춤 식단 가이드라인 || 250kcal 이하 간식 식사,250.0,케이크_떠먹는 티라미수,빵 및 과자류,281.48407,263.0,2.7,75.0,21.3,,False,False,False,K-FCDB_음식DB,케이크_떠먹는 티라미수 | 분류: 빵 및 과자류 | 칼로리 263.0kcal | 단백질 2.7g | 나트륨 75.0mg | 당류 21.3g | (기준: 100g) | (출처: Korean Food Composition Database system (K-FCDB))
S10_diabetes_snack,C3,Calorie post-validator only,5,당뇨 간식 추천,당뇨 간식 추천 || 건강한 간식 메뉴 추천 || 당뇨 맞춤 식단 가이드라인 || 250kcal 이하 간식 식사,250.0,와플_민트초코 아이스크림 와플,빵 및 과자류,281.992371,252.0,3.3,170.0,19.5,,False,False,False,K-FCDB_음식DB,와플_민트초코 아이스크림 와플 | 분류: 빵 및 과자류 | 칼로리 252.0kcal | 단백질 3.3g | 나트륨 170.0mg | 당류 19.5g | (기준: 100g) | (출처: Korean Food Composition Database system (K-FCDB))
S10_diabetes_snack,C4,Full,1,당뇨 간식 추천,당뇨 간식 추천 || 건강한 간식 메뉴 추천 || 당뇨 맞춤 식단 가이드라인 || 250kcal 이하 간식 식사,250.0,샌드위치_에그튜나 샌드위치,빵 및 과자류,272.056976,254.0,9.0,328.0,5.2,,False,False,False,K-FCDB_음식DB,샌드위치_에그튜나 샌드위치 | 분류: 빵 및 과자류 | 칼로리 254.0kcal | 단백질 9.0g | 나트륨 328.0mg | 당류 5.2g | (기준: 100g) | (출처: Korean Food Composition Database system (K-FCDB))
S10_diabetes_snack,C4,Full,2,당뇨 간식 추천,당뇨 간식 추천 || 건강한 간식 메뉴 추천 || 당뇨 맞춤 식단 가이드라인 || 250kcal 이하 간식 식사,250.0,샌드위치_쿠키 & 크림 샌디,빵 및 과자류,272.351471,260.0,3.6,169.0,17.3,,False,False,False,K-FCDB_음식DB,샌드위치_쿠키 & 크림 샌디 | 분류: 빵 및 과자류 | 칼로리 260.0kcal | 단백질 3.6g | 나트륨 169.0mg | 당류 17.3g | (기준: 100g) | (출처: Korean Food Composition Database system (K-FCDB))
S10_diabetes_snack,C4,Full,3,당뇨 간식 추천,당뇨 간식 추천 || 건강한 간식 메뉴 추천 || 당뇨 맞춤 식단 가이드라인 || 250kcal 이하 간식 식사,250.0,타르트_무화과 레어치즈 타르트,빵 및 과자류,278.13031,250.0,3.0,120.0,13.0,,False,False,False,K-FCDB_음식DB,타르트_무화과 레어치즈 타르트 | 분류: 빵 및 과자류 | 칼로리 250.0kcal | 단백질 3.0g | 나트륨 120.0mg | 당류 13.0g | (기준: 100g) | (출처: Korean Food Composition Database system (K-FCDB))
S10_diabetes_snack,C4,Full,4,당뇨 간식 추천,당뇨 간식 추천 || 건강한 간식 메뉴 추천 || 당뇨 맞춤 식단 가이드라인 || 250kcal 이하 간식 식사,250.0,케이크_떠먹는 티라미수,빵 및 과자류,281.48407,263.0,2.7,75.0,21.3,,False,False,False,K-FCDB_음식DB,케이크_떠먹는 티라미수 | 분류: 빵 및 과자류 | 칼로리 263.0kcal | 단백질 2.7g | 나트륨 75.0mg | 당류 21.3g | (기준: 100g) | (출처: Korean Food Composition Database system (K-FCDB))
S10_diabetes_snack,C4,Full,5,당뇨 간식 추천,당뇨 간식 추천 || 건강한 간식 메뉴 추천 || 당뇨 맞춤 식단 가이드라인 || 250kcal 이하 간식 식사,250.0,와플_민트초코 아이스크림 와플,빵 및 과자류,281.992371,252.0,3.3,170.0,19.5,,False,False,False,K-FCDB_음식DB,와플_민트초코 아이스크림 와플 | 분류: 빵 및 과자류 | 칼로리 252.0kcal | 단백질 3.3g | 나트륨 170.0mg | 당류 19.5g | (기준: 100g) | (출처: Korean Food Composition Database system (K-FCDB))
S11_hypertension_dinner,C1,Baseline,1,고혈압 저녁 추천,고혈압 저녁 추천 || 건강한 저녁 메뉴 추천 || 고혈압 맞춤 식단 가이드라인 || 600kcal 이하 저녁 식사,600.0,샌드위치_에그쉬림프 샌드위치,빵 및 과자류,272.364044,205.0,7.6,549.0,5.4,,False,False,False,K-FCDB_음식DB,샌드위치_에그쉬림프 샌드위치 | 분류: 빵 및 과자류 | 칼로리 205.0kcal | 단백질 7.6g | 나트륨 549.0mg | 당류 5.4g | (기준: 100g) | (출처: Korean Food Composition Database system (K-FCDB))
S11_hypertension_dinner,C1,Baseline,2,고혈압 저녁 추천,고혈압 저녁 추천 || 건강한 저녁 메뉴 추천 || 고혈압 맞춤 식단 가이드라인 || 600kcal 이하 저녁 식사,600.0,샌드위치_쉬림프에그마요샌드위치,빵 및 과자류,275.11438,204.0,7.9,329.0,4.8,,False,False,False,K-FCDB_음식DB,샌드위치_쉬림프에그마요샌드위치 | 분류: 빵 및 과자류 | 칼로리 204.0kcal | 단백질 7.9g | 나트륨 329.0mg | 당류 4.8g | (기준: 100g) | (출처: Korean Food Composition Database system (K-FCDB))
S11_hypertension_dinner,C1,Baseline,3,고혈압 저녁 추천,고혈압 저녁 추천 || 건강한 저녁 메뉴 추천 || 고혈압 맞춤 식단 가이드라인 || 600kcal 이하 저녁 식사,600.0,기타차_제로칼로리 복숭아 아이스티 노슈거 (초대용량),음료 및 차류,278.818451,1.0,0.1,2.0,,,False,False,True,K-FCDB_음식DB,기타차_제로칼로리 복숭아 아이스티 노슈거 (초대용량) | 분류: 음료 및 차류 | 칼로리 1.0kcal | 단백질 0.1g | 나트륨 2.0mg | (기준: 100ml) | (출처: Korean Food Composition Database system (K-FCDB))
S11_hypertension_dinner,C1,Baseline,4,고혈압 저녁 추천,고혈압 저녁 추천 || 건강한 저녁 메뉴 추천 || 고혈압 맞춤 식단 가이드라인 || 600kcal 이하 저녁 식사,600.0,라떼_리얼딸기우유,음료 및 차류,284.857788,65.0,0.7,7.0,0.8,,False,False,True,K-FCDB_음식DB,라떼_리얼딸기우유 | 분류: 음료 및 차류 | 칼로리 65.0kcal | 단백질 0.7g | 나트륨 7.0mg | 당류 0.8g | (기준: 100ml) | (출처: Korean Food Composition Database system (K-FCDB))
S11_hypertension_dinner,C1,Baseline,5,고혈압 저녁 추천,고혈압 저녁 추천 || 건강한 저녁 메뉴 추천 || 고혈압 맞춤 식단 가이드라인 || 600kcal 이하 저녁 식사,600.0,비스킷/쿠키/크래커_마카롱꼬끄,빵 및 과자류,287.059235,400.0,8.0,60.0,25.0,,False,False,True,K-FCDB_음식DB,비스킷/쿠키/크래커_마카롱꼬끄 | 분류: 빵 및 과자류 | 칼로리 400.0kcal | 단백질 8.0g | 나트륨 60.0mg | 당류 25.0g | (기준: 100g) | (출처: Korean Food Composition Database system (K-FCDB))
S11_hypertension_dinner,C2,Retrieval allergen filter only,1,고혈압 저녁 추천,고혈압 저녁 추천 || 건강한 저녁 메뉴 추천 || 고혈압 맞춤 식단 가이드라인 || 600kcal 이하 저녁 식사,600.0,샌드위치_에그쉬림프 샌드위치,빵 및 과자류,272.364044,205.0,7.6,549.0,5.4,,False,False,False,K-FCDB_음식DB,샌드위치_에그쉬림프 샌드위치 | 분류: 빵 및 과자류 | 칼로리 205.0kcal | 단백질 7.6g | 나트륨 549.0mg | 당류 5.4g | (기준: 100g) | (출처: Korean Food Composition Database system (K-FCDB))
S11_hypertension_dinner,C2,Retrieval allergen filter only,2,고혈압 저녁 추천,고혈압 저녁 추천 || 건강한 저녁 메뉴 추천 || 고혈압 맞춤 식단 가이드라인 || 600kcal 이하 저녁 식사,600.0,샌드위치_쉬림프에그마요샌드위치,빵 및 과자류,275.11438,204.0,7.9,329.0,4.8,,False,False,False,K-FCDB_음식DB,샌드위치_쉬림프에그마요샌드위치 | 분류: 빵 및 과자류 | 칼로리 204.0kcal | 단백질 7.9g | 나트륨 329.0mg | 당류 4.8g | (기준: 100g) | (출처: Korean Food Composition Database system (K-FCDB))
S11_hypertension_dinner,C2,Retrieval allergen filter only,3,고혈압 저녁 추천,고혈압 저녁 추천 || 건강한 저녁 메뉴 추천 || 고혈압 맞춤 식단 가이드라인 || 600kcal 이하 저녁 식사,600.0,기타차_제로칼로리 복숭아 아이스티 노슈거 (초대용량),음료 및 차류,278.818451,1.0,0.1,2.0,,,False,False,True,K-FCDB_음식DB,기타차_제로칼로리 복숭아 아이스티 노슈거 (초대용량) | 분류: 음료 및 차류 | 칼로리 1.0kcal | 단백질 0.1g | 나트륨 2.0mg | (기준: 100ml) | (출처: Korean Food Composition Database system (K-FCDB))
S11_hypertension_dinner,C2,Retrieval allergen filter only,4,고혈압 저녁 추천,고혈압 저녁 추천 || 건강한 저녁 메뉴 추천 || 고혈압 맞춤 식단 가이드라인 || 600kcal 이하 저녁 식사,600.0,라떼_리얼딸기우유,음료 및 차류,284.857788,65.0,0.7,7.0,0.8,,False,False,True,K-FCDB_음식DB,라떼_리얼딸기우유 | 분류: 음료 및 차류 | 칼로리 65.0kcal | 단백질 0.7g | 나트륨 7.0mg | 당류 0.8g | (기준: 100ml) | (출처: Korean Food Composition Database system (K-FCDB))
S11_hypertension_dinner,C2,Retrieval allergen filter only,5,고혈압 저녁 추천,고혈압 저녁 추천 || 건강한 저녁 메뉴 추천 || 고혈압 맞춤 식단 가이드라인 || 600kcal 이하 저녁 식사,600.0,비스킷/쿠키/크래커_마카롱꼬끄,빵 및 과자류,287.059235,400.0,8.0,60.0,25.0,,False,False,True,K-FCDB_음식DB,비스킷/쿠키/크래커_마카롱꼬끄 | 분류: 빵 및 과자류 | 칼로리 400.0kcal | 단백질 8.0g | 나트륨 60.0mg | 당류 25.0g | (기준: 100g) | (출처: Korean Food Composition Database system (K-FCDB))
S11_hypertension_dinner,C3,Calorie post-validator only,1,고혈압 저녁 추천,고혈압 저녁 추천 || 건강한 저녁 메뉴 추천 || 고혈압 맞춤 식단 가이드라인 || 600kcal 이하 저녁 식사,600.0,샌드위치_에그쉬림프 샌드위치,빵 및 과자류,272.364044,205.0,7.6,549.0,5.4,,False,False,False,K-FCDB_음식DB,샌드위치_에그쉬림프 샌드위치 | 분류: 빵 및 과자류 | 칼로리 205.0kcal | 단백질 7.6g | 나트륨 549.0mg | 당류 5.4g | (기준: 100g) | (출처: Korean Food Composition Database system (K-FCDB))
S11_hypertension_dinner,C3,Calorie post-validator only,2,고혈압 저녁 추천,고혈압 저녁 추천 || 건강한 저녁 메뉴 추천 || 고혈압 맞춤 식단 가이드라인 || 600kcal 이하 저녁 식사,600.0,샌드위치_쉬림프에그마요샌드위치,빵 및 과자류,275.11438,204.0,7.9,329.0,4.8,,False,False,False,K-FCDB_음식DB,샌드위치_쉬림프에그마요샌드위치 | 분류: 빵 및 과자류 | 칼로리 204.0kcal | 단백질 7.9g | 나트륨 329.0mg | 당류 4.8g | (기준: 100g) | (출처: Korean Food Composition Database system (K-FCDB))
S11_hypertension_dinner,C3,Calorie post-validator only,3,고혈압 저녁 추천,고혈압 저녁 추천 || 건강한 저녁 메뉴 추천 || 고혈압 맞춤 식단 가이드라인 || 600kcal 이하 저녁 식사,600.0,기타차_제로칼로리 복숭아 아이스티 노슈거 (초대용량),음료 및 차류,278.818451,1.0,0.1,2.0,,,False,False,True,K-FCDB_음식DB,기타차_제로칼로리 복숭아 아이스티 노슈거 (초대용량) | 분류: 음료 및 차류 | 칼로리 1.0kcal | 단백질 0.1g | 나트륨 2.0mg | (기준: 100ml) | (출처: Korean Food Composition Database system (K-FCDB))
S11_hypertension_dinner,C3,Calorie post-validator only,4,고혈압 저녁 추천,고혈압 저녁 추천 || 건강한 저녁 메뉴 추천 || 고혈압 맞춤 식단 가이드라인 || 600kcal 이하 저녁 식사,600.0,라떼_리얼딸기우유,음료 및 차류,284.857788,65.0,0.7,7.0,0.8,,False,False,True,K-FCDB_음식DB,라떼_리얼딸기우유 | 분류: 음료 및 차류 | 칼로리 65.0kcal | 단백질 0.7g | 나트륨 7.0mg | 당류 0.8g | (기준: 100ml) | (출처: Korean Food Composition Database system (K-FCDB))
S11_hypertension_dinner,C3,Calorie post-validator only,5,고혈압 저녁 추천,고혈압 저녁 추천 || 건강한 저녁 메뉴 추천 || 고혈압 맞춤 식단 가이드라인 || 600kcal 이하 저녁 식사,600.0,비스킷/쿠키/크래커_마카롱꼬끄,빵 및 과자류,287.059235,400.0,8.0,60.0,25.0,,False,False,True,K-FCDB_음식DB,비스킷/쿠키/크래커_마카롱꼬끄 | 분류: 빵 및 과자류 | 칼로리 400.0kcal | 단백질 8.0g | 나트륨 60.0mg | 당류 25.0g | (기준: 100g) | (출처: Korean Food Composition Database system (K-FCDB))
S11_hypertension_dinner,C4,Full,1,고혈압 저녁 추천,고혈압 저녁 추천 || 건강한 저녁 메뉴 추천 || 고혈압 맞춤 식단 가이드라인 || 600kcal 이하 저녁 식사,600.0,샌드위치_에그쉬림프 샌드위치,빵 및 과자류,272.364044,205.0,7.6,549.0,5.4,,False,False,False,K-FCDB_음식DB,샌드위치_에그쉬림프 샌드위치 | 분류: 빵 및 과자류 | 칼로리 205.0kcal | 단백질 7.6g | 나트륨 549.0mg | 당류 5.4g | (기준: 100g) | (출처: Korean Food Composition Database system (K-FCDB))
S11_hypertension_dinner,C4,Full,2,고혈압 저녁 추천,고혈압 저녁 추천 || 건강한 저녁 메뉴 추천 || 고혈압 맞춤 식단 가이드라인 || 600kcal 이하 저녁 식사,600.0,샌드위치_쉬림프에그마요샌드위치,빵 및 과자류,275.11438,204.0,7.9,329.0,4.8,,False,False,False,K-FCDB_음식DB,샌드위치_쉬림프에그마요샌드위치 | 분류: 빵 및 과자류 | 칼로리 204.0kcal | 단백질 7.9g | 나트륨 329.0mg | 당류 4.8g | (기준: 100g) | (출처: Korean Food Composition Database system (K-FCDB))
S11_hypertension_dinner,C4,Full,3,고혈압 저녁 추천,고혈압 저녁 추천 || 건강한 저녁 메뉴 추천 || 고혈압 맞춤 식단 가이드라인 || 600kcal 이하 저녁 식사,600.0,기타차_제로칼로리 복숭아 아이스티 노슈거 (초대용량),음료 및 차류,278.818451,1.0,0.1,2.0,,,False,False,True,K-FCDB_음식DB,기타차_제로칼로리 복숭아 아이스티 노슈거 (초대용량) | 분류: 음료 및 차류 | 칼로리 1.0kcal | 단백질 0.1g | 나트륨 2.0mg | (기준: 100ml) | (출처: Korean Food Composition Database system (K-FCDB))
S11_hypertension_dinner,C4,Full,4,고혈압 저녁 추천,고혈압 저녁 추천 || 건강한 저녁 메뉴 추천 || 고혈압 맞춤 식단 가이드라인 || 600kcal 이하 저녁 식사,600.0,라떼_리얼딸기우유,음료 및 차류,284.857788,65.0,0.7,7.0,0.8,,False,False,True,K-FCDB_음식DB,라떼_리얼딸기우유 | 분류: 음료 및 차류 | 칼로리 65.0kcal | 단백질 0.7g | 나트륨 7.0mg | 당류 0.8g | (기준: 100ml) | (출처: Korean Food Composition Database system (K-FCDB))
S11_hypertension_dinner,C4,Full,5,고혈압 저녁 추천,고혈압 저녁 추천 || 건강한 저녁 메뉴 추천 || 고혈압 맞춤 식단 가이드라인 || 600kcal 이하 저녁 식사,600.0,비스킷/쿠키/크래커_마카롱꼬끄,빵 및 과자류,287.059235,400.0,8.0,60.0,25.0,,False,False,True,K-FCDB_음식DB,비스킷/쿠키/크래커_마카롱꼬끄 | 분류: 빵 및 과자류 | 칼로리 400.0kcal | 단백질 8.0g | 나트륨 60.0mg | 당류 25.0g | (기준: 100g) | (출처: Korean Food Composition Database system (K-FCDB))
S12_hypertension_soup,C1,Baseline,1,국물 있는 저녁 추천,국물 있는 저녁 추천 || 건강한 저녁 메뉴 추천 || 고혈압 맞춤 식단 가이드라인 || 500kcal 이하 저녁 식사,500.0,기타차_제로칼로리 복숭아 아이스티 노슈거 (초대용량),음료 및 차류,273.380768,1.0,0.1,2.0,,,False,False,True,K-FCDB_음식DB,기타차_제로칼로리 복숭아 아이스티 노슈거 (초대용량) | 분류: 음료 및 차류 | 칼로리 1.0kcal | 단백질 0.1g | 나트륨 2.0mg | (기준: 100ml) | (출처: Korean Food Composition Database system (K-FCDB))
S12_hypertension_soup,C1,Baseline,2,국물 있는 저녁 추천,국물 있는 저녁 추천 || 건강한 저녁 메뉴 추천 || 고혈압 맞춤 식단 가이드라인 || 500kcal 이하 저녁 식사,500.0,샌드위치_에그쉬림프 샌드위치,빵 및 과자류,283.061676,205.0,7.6,549.0,5.4,,False,False,False,K-FCDB_음식DB,샌드위치_에그쉬림프 샌드위치 | 분류: 빵 및 과자류 | 칼로리 205.0kcal | 단백질 7.6g | 나트륨 549.0mg | 당류 5.4g | (기준: 100g) | (출처: Korean Food Composition Database system (K-FCDB))
S12_hypertension_soup,C1,Baseline,3,국물 있는 저녁 추천,국물 있는 저녁 추천 || 건강한 저녁 메뉴 추천 || 고혈압 맞춤 식단 가이드라인 || 500kcal 이하 저녁 식사,500.0,샌드위치_쉬림프에그마요샌드위치,빵 및 과자류,283.84375,204.0,7.9,329.0,4.8,,False,False,False,K-FCDB_음식DB,샌드위치_쉬림프에그마요샌드위치 | 분류: 빵 및 과자류 | 칼로리 204.0kcal | 단백질 7.9g | 나트륨 329.0mg | 당류 4.8g | (기준: 100g) | (출처: Korean Food Composition Database system (K-FCDB))
S12_hypertension_soup,C1,Baseline,4,국물 있는 저녁 추천,국물 있는 저녁 추천 || 건강한 저녁 메뉴 추천 || 고혈압 맞춤 식단 가이드라인 || 500kcal 이하 저녁 식사,500.0,과ㆍ채주스_포멜로 크림 주스,음료 및 차류,290.812195,45.0,0.3,10.0,5.1,,False,False,True,K-FCDB_음식DB,과ㆍ채주스_포멜로 크림 주스 | 분류: 음료 및 차류 | 칼로리 45.0kcal | 단백질 0.3g | 나트륨 10.0mg | 당류 5.1g | (기준: 100ml) | (출처: Korean Food Composition Database system (K-FCDB))
S12_hypertension_soup,C1,Baseline,5,국물 있는 저녁 추천,국물 있는 저녁 추천 || 건강한 저녁 메뉴 추천 || 고혈압 맞춤 식단 가이드라인 || 500kcal 이하 저녁 식사,500.0,과ㆍ채주스_완전 망고 주스,음료 및 차류,291.884644,34.0,0.3,1.0,5.2,,False,False,True,K-FCDB_음식DB,과ㆍ채주스_완전 망고 주스 | 분류: 음료 및 차류 | 칼로리 34.0kcal | 단백질 0.3g | 나트륨 1.0mg | 당류 5.2g | (기준: 100ml) | (출처: Korean Food Composition Database system (K-FCDB))
S12_hypertension_soup,C2,Retrieval allergen filter only,1,국물 있는 저녁 추천,국물 있는 저녁 추천 || 건강한 저녁 메뉴 추천 || 고혈압 맞춤 식단 가이드라인 || 500kcal 이하 저녁 식사,500.0,기타차_제로칼로리 복숭아 아이스티 노슈거 (초대용량),음료 및 차류,273.380768,1.0,0.1,2.0,,,False,False,True,K-FCDB_음식DB,기타차_제로칼로리 복숭아 아이스티 노슈거 (초대용량) | 분류: 음료 및 차류 | 칼로리 1.0kcal | 단백질 0.1g | 나트륨 2.0mg | (기준: 100ml) | (출처: Korean Food Composition Database system (K-FCDB))
S12_hypertension_soup,C2,Retrieval allergen filter only,2,국물 있는 저녁 추천,국물 있는 저녁 추천 || 건강한 저녁 메뉴 추천 || 고혈압 맞춤 식단 가이드라인 || 500kcal 이하 저녁 식사,500.0,샌드위치_에그쉬림프 샌드위치,빵 및 과자류,283.061676,205.0,7.6,549.0,5.4,,False,False,False,K-FCDB_음식DB,샌드위치_에그쉬림프 샌드위치 | 분류: 빵 및 과자류 | 칼로리 205.0kcal | 단백질 7.6g | 나트륨 549.0mg | 당류 5.4g | (기준: 100g) | (출처: Korean Food Composition Database system (K-FCDB))
S12_hypertension_soup,C2,Retrieval allergen filter only,3,국물 있는 저녁 추천,국물 있는 저녁 추천 || 건강한 저녁 메뉴 추천 || 고혈압 맞춤 식단 가이드라인 || 500kcal 이하 저녁 식사,500.0,샌드위치_쉬림프에그마요샌드위치,빵 및 과자류,283.84375,204.0,7.9,329.0,4.8,,False,False,False,K-FCDB_음식DB,샌드위치_쉬림프에그마요샌드위치 | 분류: 빵 및 과자류 | 칼로리 204.0kcal | 단백질 7.9g | 나트륨 329.0mg | 당류 4.8g | (기준: 100g) | (출처: Korean Food Composition Database system (K-FCDB))
S12_hypertension_soup,C2,Retrieval allergen filter only,4,국물 있는 저녁 추천,국물 있는 저녁 추천 || 건강한 저녁 메뉴 추천 || 고혈압 맞춤 식단 가이드라인 || 500kcal 이하 저녁 식사,500.0,과ㆍ채주스_포멜로 크림 주스,음료 및 차류,290.812195,45.0,0.3,10.0,5.1,,False,False,True,K-FCDB_음식DB,과ㆍ채주스_포멜로 크림 주스 | 분류: 음료 및 차류 | 칼로리 45.0kcal | 단백질 0.3g | 나트륨 10.0mg | 당류 5.1g | (기준: 100ml) | (출처: Korean Food Composition Database system (K-FCDB))
S12_hypertension_soup,C2,Retrieval allergen filter only,5,국물 있는 저녁 추천,국물 있는 저녁 추천 || 건강한 저녁 메뉴 추천 || 고혈압 맞춤 식단 가이드라인 || 500kcal 이하 저녁 식사,500.0,과ㆍ채주스_완전 망고 주스,음료 및 차류,291.884644,34.0,0.3,1.0,5.2,,False,False,True,K-FCDB_음식DB,과ㆍ채주스_완전 망고 주스 | 분류: 음료 및 차류 | 칼로리 34.0kcal | 단백질 0.3g | 나트륨 1.0mg | 당류 5.2g | (기준: 100ml) | (출처: Korean Food Composition Database system (K-FCDB))
S12_hypertension_soup,C3,Calorie post-validator only,1,국물 있는 저녁 추천,국물 있는 저녁 추천 || 건강한 저녁 메뉴 추천 || 고혈압 맞춤 식단 가이드라인 || 500kcal 이하 저녁 식사,500.0,기타차_제로칼로리 복숭아 아이스티 노슈거 (초대용량),음료 및 차류,273.380768,1.0,0.1,2.0,,,False,False,True,K-FCDB_음식DB,기타차_제로칼로리 복숭아 아이스티 노슈거 (초대용량) | 분류: 음료 및 차류 | 칼로리 1.0kcal | 단백질 0.1g | 나트륨 2.0mg | (기준: 100ml) | (출처: Korean Food Composition Database system (K-FCDB))
S12_hypertension_soup,C3,Calorie post-validator only,2,국물 있는 저녁 추천,국물 있는 저녁 추천 || 건강한 저녁 메뉴 추천 || 고혈압 맞춤 식단 가이드라인 || 500kcal 이하 저녁 식사,500.0,샌드위치_에그쉬림프 샌드위치,빵 및 과자류,283.061676,205.0,7.6,549.0,5.4,,False,False,False,K-FCDB_음식DB,샌드위치_에그쉬림프 샌드위치 | 분류: 빵 및 과자류 | 칼로리 205.0kcal | 단백질 7.6g | 나트륨 549.0mg | 당류 5.4g | (기준: 100g) | (출처: Korean Food Composition Database system (K-FCDB))
S12_hypertension_soup,C3,Calorie post-validator only,3,국물 있는 저녁 추천,국물 있는 저녁 추천 || 건강한 저녁 메뉴 추천 || 고혈압 맞춤 식단 가이드라인 || 500kcal 이하 저녁 식사,500.0,샌드위치_쉬림프에그마요샌드위치,빵 및 과자류,283.84375,204.0,7.9,329.0,4.8,,False,False,False,K-FCDB_음식DB,샌드위치_쉬림프에그마요샌드위치 | 분류: 빵 및 과자류 | 칼로리 204.0kcal | 단백질 7.9g | 나트륨 329.0mg | 당류 4.8g | (기준: 100g) | (출처: Korean Food Composition Database system (K-FCDB))
S12_hypertension_soup,C3,Calorie post-validator only,4,국물 있는 저녁 추천,국물 있는 저녁 추천 || 건강한 저녁 메뉴 추천 || 고혈압 맞춤 식단 가이드라인 || 500kcal 이하 저녁 식사,500.0,과ㆍ채주스_포멜로 크림 주스,음료 및 차류,290.812195,45.0,0.3,10.0,5.1,,False,False,True,K-FCDB_음식DB,과ㆍ채주스_포멜로 크림 주스 | 분류: 음료 및 차류 | 칼로리 45.0kcal | 단백질 0.3g | 나트륨 10.0mg | 당류 5.1g | (기준: 100ml) | (출처: Korean Food Composition Database system (K-FCDB))
S12_hypertension_soup,C3,Calorie post-validator only,5,국물 있는 저녁 추천,국물 있는 저녁 추천 || 건강한 저녁 메뉴 추천 || 고혈압 맞춤 식단 가이드라인 || 500kcal 이하 저녁 식사,500.0,과ㆍ채주스_완전 망고 주스,음료 및 차류,291.884644,34.0,0.3,1.0,5.2,,False,False,True,K-FCDB_음식DB,과ㆍ채주스_완전 망고 주스 | 분류: 음료 및 차류 | 칼로리 34.0kcal | 단백질 0.3g | 나트륨 1.0mg | 당류 5.2g | (기준: 100ml) | (출처: Korean Food Composition Database system (K-FCDB))
S12_hypertension_soup,C4,Full,1,국물 있는 저녁 추천,국물 있는 저녁 추천 || 건강한 저녁 메뉴 추천 || 고혈압 맞춤 식단 가이드라인 || 500kcal 이하 저녁 식사,500.0,기타차_제로칼로리 복숭아 아이스티 노슈거 (초대용량),음료 및 차류,273.380768,1.0,0.1,2.0,,,False,False,True,K-FCDB_음식DB,기타차_제로칼로리 복숭아 아이스티 노슈거 (초대용량) | 분류: 음료 및 차류 | 칼로리 1.0kcal | 단백질 0.1g | 나트륨 2.0mg | (기준: 100ml) | (출처: Korean Food Composition Database system (K-FCDB))
S12_hypertension_soup,C4,Full,2,국물 있는 저녁 추천,국물 있는 저녁 추천 || 건강한 저녁 메뉴 추천 || 고혈압 맞춤 식단 가이드라인 || 500kcal 이하 저녁 식사,500.0,샌드위치_에그쉬림프 샌드위치,빵 및 과자류,283.061676,205.0,7.6,549.0,5.4,,False,False,False,K-FCDB_음식DB,샌드위치_에그쉬림프 샌드위치 | 분류: 빵 및 과자류 | 칼로리 205.0kcal | 단백질 7.6g | 나트륨 549.0mg | 당류 5.4g | (기준: 100g) | (출처: Korean Food Composition Database system (K-FCDB))
S12_hypertension_soup,C4,Full,3,국물 있는 저녁 추천,국물 있는 저녁 추천 || 건강한 저녁 메뉴 추천 || 고혈압 맞춤 식단 가이드라인 || 500kcal 이하 저녁 식사,500.0,샌드위치_쉬림프에그마요샌드위치,빵 및 과자류,283.84375,204.0,7.9,329.0,4.8,,False,False,False,K-FCDB_음식DB,샌드위치_쉬림프에그마요샌드위치 | 분류: 빵 및 과자류 | 칼로리 204.0kcal | 단백질 7.9g | 나트륨 329.0mg | 당류 4.8g | (기준: 100g) | (출처: Korean Food Composition Database system (K-FCDB))
S12_hypertension_soup,C4,Full,4,국물 있는 저녁 추천,국물 있는 저녁 추천 || 건강한 저녁 메뉴 추천 || 고혈압 맞춤 식단 가이드라인 || 500kcal 이하 저녁 식사,500.0,과ㆍ채주스_포멜로 크림 주스,음료 및 차류,290.812195,45.0,0.3,10.0,5.1,,False,False,True,K-FCDB_음식DB,과ㆍ채주스_포멜로 크림 주스 | 분류: 음료 및 차류 | 칼로리 45.0kcal | 단백질 0.3g | 나트륨 10.0mg | 당류 5.1g | (기준: 100ml) | (출처: Korean Food Composition Database system (K-FCDB))
S12_hypertension_soup,C4,Full,5,국물 있는 저녁 추천,국물 있는 저녁 추천 || 건강한 저녁 메뉴 추천 || 고혈압 맞춤 식단 가이드라인 || 500kcal 이하 저녁 식사,500.0,과ㆍ채주스_완전 망고 주스,음료 및 차류,291.884644,34.0,0.3,1.0,5.2,,False,False,True,K-FCDB_음식DB,과ㆍ채주스_완전 망고 주스 | 분류: 음료 및 차류 | 칼로리 34.0kcal | 단백질 0.3g | 나트륨 1.0mg | 당류 5.2g | (기준: 100ml) | (출처: Korean Food Composition Database system (K-FCDB))
S13_weight_loss_lunch,C1,Baseline,1,다이어트 점심 추천,다이어트 점심 추천 || 다이어트 점심 메뉴 || 450kcal 이하 점심 식사,450.0,샌드위치_쉬림프에그마요샌드위치,빵 및 과자류,277.802856,204.0,7.9,329.0,4.8,,False,False,True,K-FCDB_음식DB,샌드위치_쉬림프에그마요샌드위치 | 분류: 빵 및 과자류 | 칼로리 204.0kcal | 단백질 7.9g | 나트륨 329.0mg | 당류 4.8g | (기준: 100g) | (출처: Korean Food Composition Database system (K-FCDB))
S13_weight_loss_lunch,C1,Baseline,2,다이어트 점심 추천,다이어트 점심 추천 || 다이어트 점심 메뉴 || 450kcal 이하 점심 식사,450.0,샌드위치_에그쉬림프 샌드위치,빵 및 과자류,281.092896,205.0,7.6,549.0,5.4,,False,False,True,K-FCDB_음식DB,샌드위치_에그쉬림프 샌드위치 | 분류: 빵 및 과자류 | 칼로리 205.0kcal | 단백질 7.6g | 나트륨 549.0mg | 당류 5.4g | (기준: 100g) | (출처: Korean Food Composition Database system (K-FCDB))
S13_weight_loss_lunch,C1,Baseline,3,다이어트 점심 추천,다이어트 점심 추천 || 다이어트 점심 메뉴 || 450kcal 이하 점심 식사,450.0,기타차_제로칼로리 복숭아 아이스티 노슈거 (초대용량),음료 및 차류,281.607361,1.0,0.1,2.0,,,False,False,True,K-FCDB_음식DB,기타차_제로칼로리 복숭아 아이스티 노슈거 (초대용량) | 분류: 음료 및 차류 | 칼로리 1.0kcal | 단백질 0.1g | 나트륨 2.0mg | (기준: 100ml) | (출처: Korean Food Composition Database system (K-FCDB))
S13_weight_loss_lunch,C1,Baseline,4,다이어트 점심 추천,다이어트 점심 추천 || 다이어트 점심 메뉴 || 450kcal 이하 점심 식사,450.0,햄버거_데리야끼불고기,빵 및 과자류,283.066376,250.0,6.1,441.0,10.9,,False,False,True,K-FCDB_음식DB,햄버거_데리야끼불고기 | 분류: 빵 및 과자류 | 칼로리 250.0kcal | 단백질 6.1g | 나트륨 441.0mg | 당류 10.9g | (기준: 100g) | (출처: Korean Food Composition Database system (K-FCDB))
S13_weight_loss_lunch,C1,Baseline,5,다이어트 점심 추천,다이어트 점심 추천 || 다이어트 점심 메뉴 || 450kcal 이하 점심 식사,450.0,타르트_쉬림프 피자 타르트,빵 및 과자류,291.98056,280.0,6.0,520.0,10.0,,False,False,True,K-FCDB_음식DB,타르트_쉬림프 피자 타르트 | 분류: 빵 및 과자류 | 칼로리 280.0kcal | 단백질 6.0g | 나트륨 520.0mg | 당류 10.0g | (기준: 100g) | (출처: Korean Food Composition Database system (K-FCDB))
S13_weight_loss_lunch,C2,Retrieval allergen filter only,1,다이어트 점심 추천,다이어트 점심 추천 || 다이어트 점심 메뉴 || 450kcal 이하 점심 식사,450.0,샌드위치_쉬림프에그마요샌드위치,빵 및 과자류,277.802856,204.0,7.9,329.0,4.8,,False,False,True,K-FCDB_음식DB,샌드위치_쉬림프에그마요샌드위치 | 분류: 빵 및 과자류 | 칼로리 204.0kcal | 단백질 7.9g | 나트륨 329.0mg | 당류 4.8g | (기준: 100g) | (출처: Korean Food Composition Database system (K-FCDB))
S13_weight_loss_lunch,C2,Retrieval allergen filter only,2,다이어트 점심 추천,다이어트 점심 추천 || 다이어트 점심 메뉴 || 450kcal 이하 점심 식사,450.0,샌드위치_에그쉬림프 샌드위치,빵 및 과자류,281.092896,205.0,7.6,549.0,5.4,,False,False,True,K-FCDB_음식DB,샌드위치_에그쉬림프 샌드위치 | 분류: 빵 및 과자류 | 칼로리 205.0kcal | 단백질 7.6g | 나트륨 549.0mg | 당류 5.4g | (기준: 100g) | (출처: Korean Food Composition Database system (K-FCDB))
S13_weight_loss_lunch,C2,Retrieval allergen filter only,3,다이어트 점심 추천,다이어트 점심 추천 || 다이어트 점심 메뉴 || 450kcal 이하 점심 식사,450.0,기타차_제로칼로리 복숭아 아이스티 노슈거 (초대용량),음료 및 차류,281.607361,1.0,0.1,2.0,,,False,False,True,K-FCDB_음식DB,기타차_제로칼로리 복숭아 아이스티 노슈거 (초대용량) | 분류: 음료 및 차류 | 칼로리 1.0kcal | 단백질 0.1g | 나트륨 2.0mg | (기준: 100ml) | (출처: Korean Food Composition Database system (K-FCDB))
S13_weight_loss_lunch,C2,Retrieval allergen filter only,4,다이어트 점심 추천,다이어트 점심 추천 || 다이어트 점심 메뉴 || 450kcal 이하 점심 식사,450.0,햄버거_데리야끼불고기,빵 및 과자류,283.066376,250.0,6.1,441.0,10.9,,False,False,True,K-FCDB_음식DB,햄버거_데리야끼불고기 | 분류: 빵 및 과자류 | 칼로리 250.0kcal | 단백질 6.1g | 나트륨 441.0mg | 당류 10.9g | (기준: 100g) | (출처: Korean Food Composition Database system (K-FCDB))
S13_weight_loss_lunch,C2,Retrieval allergen filter only,5,다이어트 점심 추천,다이어트 점심 추천 || 다이어트 점심 메뉴 || 450kcal 이하 점심 식사,450.0,타르트_쉬림프 피자 타르트,빵 및 과자류,291.98056,280.0,6.0,520.0,10.0,,False,False,True,K-FCDB_음식DB,타르트_쉬림프 피자 타르트 | 분류: 빵 및 과자류 | 칼로리 280.0kcal | 단백질 6.0g | 나트륨 520.0mg | 당류 10.0g | (기준: 100g) | (출처: Korean Food Composition Database system (K-FCDB))
S13_weight_loss_lunch,C3,Calorie post-validator only,1,다이어트 점심 추천,다이어트 점심 추천 || 다이어트 점심 메뉴 || 450kcal 이하 점심 식사,450.0,샌드위치_쉬림프에그마요샌드위치,빵 및 과자류,277.802856,204.0,7.9,329.0,4.8,,False,False,True,K-FCDB_음식DB,샌드위치_쉬림프에그마요샌드위치 | 분류: 빵 및 과자류 | 칼로리 204.0kcal | 단백질 7.9g | 나트륨 329.0mg | 당류 4.8g | (기준: 100g) | (출처: Korean Food Composition Database system (K-FCDB))
S13_weight_loss_lunch,C3,Calorie post-validator only,2,다이어트 점심 추천,다이어트 점심 추천 || 다이어트 점심 메뉴 || 450kcal 이하 점심 식사,450.0,샌드위치_에그쉬림프 샌드위치,빵 및 과자류,281.092896,205.0,7.6,549.0,5.4,,False,False,True,K-FCDB_음식DB,샌드위치_에그쉬림프 샌드위치 | 분류: 빵 및 과자류 | 칼로리 205.0kcal | 단백질 7.6g | 나트륨 549.0mg | 당류 5.4g | (기준: 100g) | (출처: Korean Food Composition Database system (K-FCDB))
S13_weight_loss_lunch,C3,Calorie post-validator only,3,다이어트 점심 추천,다이어트 점심 추천 || 다이어트 점심 메뉴 || 450kcal 이하 점심 식사,450.0,기타차_제로칼로리 복숭아 아이스티 노슈거 (초대용량),음료 및 차류,281.607361,1.0,0.1,2.0,,,False,False,True,K-FCDB_음식DB,기타차_제로칼로리 복숭아 아이스티 노슈거 (초대용량) | 분류: 음료 및 차류 | 칼로리 1.0kcal | 단백질 0.1g | 나트륨 2.0mg | (기준: 100ml) | (출처: Korean Food Composition Database system (K-FCDB))
S13_weight_loss_lunch,C3,Calorie post-validator only,4,다이어트 점심 추천,다이어트 점심 추천 || 다이어트 점심 메뉴 || 450kcal 이하 점심 식사,450.0,햄버거_데리야끼불고기,빵 및 과자류,283.066376,250.0,6.1,441.0,10.9,,False,False,True,K-FCDB_음식DB,햄버거_데리야끼불고기 | 분류: 빵 및 과자류 | 칼로리 250.0kcal | 단백질 6.1g | 나트륨 441.0mg | 당류 10.9g | (기준: 100g) | (출처: Korean Food Composition Database system (K-FCDB))
S13_weight_loss_lunch,C3,Calorie post-validator only,5,다이어트 점심 추천,다이어트 점심 추천 || 다이어트 점심 메뉴 || 450kcal 이하 점심 식사,450.0,타르트_쉬림프 피자 타르트,빵 및 과자류,291.98056,280.0,6.0,520.0,10.0,,False,False,True,K-FCDB_음식DB,타르트_쉬림프 피자 타르트 | 분류: 빵 및 과자류 | 칼로리 280.0kcal | 단백질 6.0g | 나트륨 520.0mg | 당류 10.0g | (기준: 100g) | (출처: Korean Food Composition Database system (K-FCDB))
S13_weight_loss_lunch,C4,Full,1,다이어트 점심 추천,다이어트 점심 추천 || 다이어트 점심 메뉴 || 450kcal 이하 점심 식사,450.0,샌드위치_쉬림프에그마요샌드위치,빵 및 과자류,277.802856,204.0,7.9,329.0,4.8,,False,False,True,K-FCDB_음식DB,샌드위치_쉬림프에그마요샌드위치 | 분류: 빵 및 과자류 | 칼로리 204.0kcal | 단백질 7.9g | 나트륨 329.0mg | 당류 4.8g | (기준: 100g) | (출처: Korean Food Composition Database system (K-FCDB))
S13_weight_loss_lunch,C4,Full,2,다이어트 점심 추천,다이어트 점심 추천 || 다이어트 점심 메뉴 || 450kcal 이하 점심 식사,450.0,샌드위치_에그쉬림프 샌드위치,빵 및 과자류,281.092896,205.0,7.6,549.0,5.4,,False,False,True,K-FCDB_음식DB,샌드위치_에그쉬림프 샌드위치 | 분류: 빵 및 과자류 | 칼로리 205.0kcal | 단백질 7.6g | 나트륨 549.0mg | 당류 5.4g | (기준: 100g) | (출처: Korean Food Composition Database system (K-FCDB))
S13_weight_loss_lunch,C4,Full,3,다이어트 점심 추천,다이어트 점심 추천 || 다이어트 점심 메뉴 || 450kcal 이하 점심 식사,450.0,기타차_제로칼로리 복숭아 아이스티 노슈거 (초대용량),음료 및 차류,281.607361,1.0,0.1,2.0,,,False,False,True,K-FCDB_음식DB,기타차_제로칼로리 복숭아 아이스티 노슈거 (초대용량) | 분류: 음료 및 차류 | 칼로리 1.0kcal | 단백질 0.1g | 나트륨 2.0mg | (기준: 100ml) | (출처: Korean Food Composition Database system (K-FCDB))
S13_weight_loss_lunch,C4,Full,4,다이어트 점심 추천,다이어트 점심 추천 || 다이어트 점심 메뉴 || 450kcal 이하 점심 식사,450.0,햄버거_데리야끼불고기,빵 및 과자류,283.066376,250.0,6.1,441.0,10.9,,False,False,True,K-FCDB_음식DB,햄버거_데리야끼불고기 | 분류: 빵 및 과자류 | 칼로리 250.0kcal | 단백질 6.1g | 나트륨 441.0mg | 당류 10.9g | (기준: 100g) | (출처: Korean Food Composition Database system (K-FCDB))
S13_weight_loss_lunch,C4,Full,5,다이어트 점심 추천,다이어트 점심 추천 || 다이어트 점심 메뉴 || 450kcal 이하 점심 식사,450.0,타르트_쉬림프 피자 타르트,빵 및 과자류,291.98056,280.0,6.0,520.0,10.0,,False,False,True,K-FCDB_음식DB,타르트_쉬림프 피자 타르트 | 분류: 빵 및 과자류 | 칼로리 280.0kcal | 단백질 6.0g | 나트륨 520.0mg | 당류 10.0g | (기준: 100g) | (출처: Korean Food Composition Database system (K-FCDB))
S14_weight_loss_snack,C1,Baseline,1,다이어트 간식 추천,다이어트 간식 추천 || 다이어트 간식 메뉴 || 180kcal 이하 간식 식사,180.0,샌드위치_쉬림프에그마요샌드위치,빵 및 과자류,267.460083,204.0,7.9,329.0,4.8,,False,False,True,K-FCDB_음식DB,샌드위치_쉬림프에그마요샌드위치 | 분류: 빵 및 과자류 | 칼로리 204.0kcal | 단백질 7.9g | 나트륨 329.0mg | 당류 4.8g | (기준: 100g) | (출처: Korean Food Composition Database system (K-FCDB))
S14_weight_loss_snack,C1,Baseline,2,다이어트 간식 추천,다이어트 간식 추천 || 다이어트 간식 메뉴 || 180kcal 이하 간식 식사,180.0,샌드위치_쿠키 & 크림 샌디,빵 및 과자류,271.314758,260.0,3.6,169.0,17.3,,False,True,True,K-FCDB_음식DB,샌드위치_쿠키 & 크림 샌디 | 분류: 빵 및 과자류 | 칼로리 260.0kcal | 단백질 3.6g | 나트륨 169.0mg | 당류 17.3g | (기준: 100g) | (출처: Korean Food Composition Database system (K-FCDB))
S14_weight_loss_snack,C1,Baseline,3,다이어트 간식 추천,다이어트 간식 추천 || 다이어트 간식 메뉴 || 180kcal 이하 간식 식사,180.0,기타차_제로칼로리 복숭아 아이스티 노슈거 (초대용량),음료 및 차류,271.845184,1.0,0.1,2.0,,,False,False,True,K-FCDB_음식DB,기타차_제로칼로리 복숭아 아이스티 노슈거 (초대용량) | 분류: 음료 및 차류 | 칼로리 1.0kcal | 단백질 0.1g | 나트륨 2.0mg | (기준: 100ml) | (출처: Korean Food Composition Database system (K-FCDB))
S14_weight_loss_snack,C1,Baseline,4,다이어트 간식 추천,다이어트 간식 추천 || 다이어트 간식 메뉴 || 180kcal 이하 간식 식사,180.0,비스킷/쿠키/크래커_라이스 칩 블루베리잼,빵 및 과자류,282.861328,400.0,8.6,206.0,,,False,True,False,K-FCDB_음식DB,비스킷/쿠키/크래커_라이스 칩 블루베리잼 | 분류: 빵 및 과자류 | 칼로리 400.0kcal | 단백질 8.6g | 나트륨 206.0mg | (기준: 100g) | (출처: Korean Food Composition Database system (K-FCDB))
S14_weight_loss_snack,C1,Baseline,5,다이어트 간식 추천,다이어트 간식 추천 || 다이어트 간식 메뉴 || 180kcal 이하 간식 식사,180.0,크로와상_슈크림 크로와상,빵 및 과자류,360.382812,380.0,8.6,249.0,11.4,,False,True,False,K-FCDB_음식DB,크로와상_슈크림 크로와상 | 분류: 빵 및 과자류 | 칼로리 380.0kcal | 단백질 8.6g | 나트륨 249.0mg | 당류 11.4g | (기준: 100g) | (출처: Korean Food Composition Database system (K-FCDB))
S14_weight_loss_snack,C2,Retrieval allergen filter only,1,다이어트 간식 추천,다이어트 간식 추천 || 다이어트 간식 메뉴 || 180kcal 이하 간식 식사,180.0,샌드위치_쉬림프에그마요샌드위치,빵 및 과자류,267.460083,204.0,7.9,329.0,4.8,,False,False,True,K-FCDB_음식DB,샌드위치_쉬림프에그마요샌드위치 | 분류: 빵 및 과자류 | 칼로리 204.0kcal | 단백질 7.9g | 나트륨 329.0mg | 당류 4.8g | (기준: 100g) | (출처: Korean Food Composition Database system (K-FCDB))
S14_weight_loss_snack,C2,Retrieval allergen filter only,2,다이어트 간식 추천,다이어트 간식 추천 || 다이어트 간식 메뉴 || 180kcal 이하 간식 식사,180.0,샌드위치_쿠키 & 크림 샌디,빵 및 과자류,271.314758,260.0,3.6,169.0,17.3,,False,True,True,K-FCDB_음식DB,샌드위치_쿠키 & 크림 샌디 | 분류: 빵 및 과자류 | 칼로리 260.0kcal | 단백질 3.6g | 나트륨 169.0mg | 당류 17.3g | (기준: 100g) | (출처: Korean Food Composition Database system (K-FCDB))
S14_weight_loss_snack,C2,Retrieval allergen filter only,3,다이어트 간식 추천,다이어트 간식 추천 || 다이어트 간식 메뉴 || 180kcal 이하 간식 식사,180.0,기타차_제로칼로리 복숭아 아이스티 노슈거 (초대용량),음료 및 차류,271.845184,1.0,0.1,2.0,,,False,False,True,K-FCDB_음식DB,기타차_제로칼로리 복숭아 아이스티 노슈거 (초대용량) | 분류: 음료 및 차류 | 칼로리 1.0kcal | 단백질 0.1g | 나트륨 2.0mg | (기준: 100ml) | (출처: Korean Food Composition Database system (K-FCDB))
S14_weight_loss_snack,C2,Retrieval allergen filter only,4,다이어트 간식 추천,다이어트 간식 추천 || 다이어트 간식 메뉴 || 180kcal 이하 간식 식사,180.0,비스킷/쿠키/크래커_라이스 칩 블루베리잼,빵 및 과자류,282.861328,400.0,8.6,206.0,,,False,True,False,K-FCDB_음식DB,비스킷/쿠키/크래커_라이스 칩 블루베리잼 | 분류: 빵 및 과자류 | 칼로리 400.0kcal | 단백질 8.6g | 나트륨 206.0mg | (기준: 100g) | (출처: Korean Food Composition Database system (K-FCDB))
S14_weight_loss_snack,C2,Retrieval allergen filter only,5,다이어트 간식 추천,다이어트 간식 추천 || 다이어트 간식 메뉴 || 180kcal 이하 간식 식사,180.0,크로와상_슈크림 크로와상,빵 및 과자류,360.382812,380.0,8.6,249.0,11.4,,False,True,False,K-FCDB_음식DB,크로와상_슈크림 크로와상 | 분류: 빵 및 과자류 | 칼로리 380.0kcal | 단백질 8.6g | 나트륨 249.0mg | 당류 11.4g | (기준: 100g) | (출처: Korean Food Composition Database system (K-FCDB))
S14_weight_loss_snack,C3,Calorie post-validator only,1,다이어트 간식 추천,다이어트 간식 추천 || 다이어트 간식 메뉴 || 180kcal 이하 간식 식사,180.0,샌드위치_쉬림프에그마요샌드위치,빵 및 과자류,267.460083,204.0,7.9,329.0,4.8,,False,False,True,K-FCDB_음식DB,샌드위치_쉬림프에그마요샌드위치 | 분류: 빵 및 과자류 | 칼로리 204.0kcal | 단백질 7.9g | 나트륨 329.0mg | 당류 4.8g | (기준: 100g) | (출처: Korean Food Composition Database system (K-FCDB))
S14_weight_loss_snack,C3,Calorie post-validator only,2,다이어트 간식 추천,다이어트 간식 추천 || 다이어트 간식 메뉴 || 180kcal 이하 간식 식사,180.0,기타차_제로칼로리 복숭아 아이스티 노슈거 (초대용량),음료 및 차류,271.845184,1.0,0.1,2.0,,,False,False,True,K-FCDB_음식DB,기타차_제로칼로리 복숭아 아이스티 노슈거 (초대용량) | 분류: 음료 및 차류 | 칼로리 1.0kcal | 단백질 0.1g | 나트륨 2.0mg | (기준: 100ml) | (출처: Korean Food Composition Database system (K-FCDB))
S14_weight_loss_snack,C3,Calorie post-validator only,3,다이어트 간식 추천,다이어트 간식 추천 || 다이어트 간식 메뉴 || 180kcal 이하 간식 식사,180.0,샌드위치_에그쉬림프 샌드위치,빵 및 과자류,272.585632,205.0,7.6,549.0,5.4,,False,False,True,K-FCDB_음식DB,샌드위치_에그쉬림프 샌드위치 | 분류: 빵 및 과자류 | 칼로리 205.0kcal | 단백질 7.6g | 나트륨 549.0mg | 당류 5.4g | (기준: 100g) | (출처: Korean Food Composition Database system (K-FCDB))
S14_weight_loss_snack,C3,Calorie post-validator only,4,다이어트 간식 추천,다이어트 간식 추천 || 다이어트 간식 메뉴 || 180kcal 이하 간식 식사,180.0,아이스크림_체리 크림 젤라또,유제품류 및 빙과류,368.460236,206.0,3.0,,23.0,,False,False,True,K-FCDB_음식DB,아이스크림_체리 크림 젤라또 | 분류: 유제품류 및 빙과류 | 칼로리 206.0kcal | 단백질 3.0g | 당류 23.0g | (기준: 100g) | (출처: Korean Food Composition Database system (K-FCDB))
S14_weight_loss_snack,C3,Calorie post-validator only,5,다이어트 간식 추천,다이어트 간식 추천 || 다이어트 간식 메뉴 || 180kcal 이하 간식 식사,180.0,스무디_퐁당치노 바닐라,음료 및 차류,369.402802,70.0,1.6,30.0,8.4,,False,False,True,K-FCDB_음식DB,스무디_퐁당치노 바닐라 | 분류: 음료 및 차류 | 칼로리 70.0kcal | 단백질 1.6g | 나트륨 30.0mg | 당류 8.4g | (기준: 100ml) | (출처: Korean Food Composition Database system (K-FCDB))
S14_weight_loss_snack,C4,Full,1,다이어트 간식 추천,다이어트 간식 추천 || 다이어트 간식 메뉴 || 180kcal 이하 간식 식사,180.0,샌드위치_쉬림프에그마요샌드위치,빵 및 과자류,267.460083,204.0,7.9,329.0,4.8,,False,False,True,K-FCDB_음식DB,샌드위치_쉬림프에그마요샌드위치 | 분류: 빵 및 과자류 | 칼로리 204.0kcal | 단백질 7.9g | 나트륨 329.0mg | 당류 4.8g | (기준: 100g) | (출처: Korean Food Composition Database system (K-FCDB))
S14_weight_loss_snack,C4,Full,2,다이어트 간식 추천,다이어트 간식 추천 || 다이어트 간식 메뉴 || 180kcal 이하 간식 식사,180.0,기타차_제로칼로리 복숭아 아이스티 노슈거 (초대용량),음료 및 차류,271.845184,1.0,0.1,2.0,,,False,False,True,K-FCDB_음식DB,기타차_제로칼로리 복숭아 아이스티 노슈거 (초대용량) | 분류: 음료 및 차류 | 칼로리 1.0kcal | 단백질 0.1g | 나트륨 2.0mg | (기준: 100ml) | (출처: Korean Food Composition Database system (K-FCDB))
S14_weight_loss_snack,C4,Full,3,다이어트 간식 추천,다이어트 간식 추천 || 다이어트 간식 메뉴 || 180kcal 이하 간식 식사,180.0,샌드위치_에그쉬림프 샌드위치,빵 및 과자류,272.585632,205.0,7.6,549.0,5.4,,False,False,True,K-FCDB_음식DB,샌드위치_에그쉬림프 샌드위치 | 분류: 빵 및 과자류 | 칼로리 205.0kcal | 단백질 7.6g | 나트륨 549.0mg | 당류 5.4g | (기준: 100g) | (출처: Korean Food Composition Database system (K-FCDB))
S14_weight_loss_snack,C4,Full,4,다이어트 간식 추천,다이어트 간식 추천 || 다이어트 간식 메뉴 || 180kcal 이하 간식 식사,180.0,아이스크림_체리 크림 젤라또,유제품류 및 빙과류,368.460236,206.0,3.0,,23.0,,False,False,True,K-FCDB_음식DB,아이스크림_체리 크림 젤라또 | 분류: 유제품류 및 빙과류 | 칼로리 206.0kcal | 단백질 3.0g | 당류 23.0g | (기준: 100g) | (출처: Korean Food Composition Database system (K-FCDB))
S14_weight_loss_snack,C4,Full,5,다이어트 간식 추천,다이어트 간식 추천 || 다이어트 간식 메뉴 || 180kcal 이하 간식 식사,180.0,스무디_퐁당치노 바닐라,음료 및 차류,369.402802,70.0,1.6,30.0,8.4,,False,False,True,K-FCDB_음식DB,스무디_퐁당치노 바닐라 | 분류: 음료 및 차류 | 칼로리 70.0kcal | 단백질 1.6g | 나트륨 30.0mg | 당류 8.4g | (기준: 100ml) | (출처: Korean Food Composition Database system (K-FCDB))
S15_low_remaining_dinner,C1,Baseline,1,저녁 추천,저녁 추천 || 건강한 저녁 메뉴 추천 || 300kcal 이하 저녁 식사,300.0,기타차_제로칼로리 복숭아 아이스티 노슈거 (초대용량),음료 및 차류,270.997192,1.0,0.1,2.0,,,False,False,True,K-FCDB_음식DB,기타차_제로칼로리 복숭아 아이스티 노슈거 (초대용량) | 분류: 음료 및 차류 | 칼로리 1.0kcal | 단백질 0.1g | 나트륨 2.0mg | (기준: 100ml) | (출처: Korean Food Composition Database system (K-FCDB))
S15_low_remaining_dinner,C1,Baseline,2,저녁 추천,저녁 추천 || 건강한 저녁 메뉴 추천 || 300kcal 이하 저녁 식사,300.0,샌드위치_제주당근에그마요 샌드위치,빵 및 과자류,271.666565,261.0,10.0,350.0,2.0,,False,False,True,K-FCDB_음식DB,샌드위치_제주당근에그마요 샌드위치 | 분류: 빵 및 과자류 | 칼로리 261.0kcal | 단백질 10.0g | 나트륨 350.0mg | 당류 2.0g | (기준: 100g) | (출처: Korean Food Composition Database system (K-FCDB))
S15_low_remaining_dinner,C1,Baseline,3,저녁 추천,저녁 추천 || 건강한 저녁 메뉴 추천 || 300kcal 이하 저녁 식사,300.0,샌드위치_쉬림프에그마요샌드위치,빵 및 과자류,273.163727,204.0,7.9,329.0,4.8,,False,False,True,K-FCDB_음식DB,샌드위치_쉬림프에그마요샌드위치 | 분류: 빵 및 과자류 | 칼로리 204.0kcal | 단백질 7.9g | 나트륨 329.0mg | 당류 4.8g | (기준: 100g) | (출처: Korean Food Composition Database system (K-FCDB))
S15_low_remaining_dinner,C1,Baseline,4,저녁 추천,저녁 추천 || 건강한 저녁 메뉴 추천 || 300kcal 이하 저녁 식사,300.0,과ㆍ채주스_케일 캐롯 주스,음료 및 차류,282.777222,33.0,0.3,5.0,4.8,,False,False,True,K-FCDB_음식DB,과ㆍ채주스_케일 캐롯 주스 | 분류: 음료 및 차류 | 칼로리 33.0kcal | 단백질 0.3g | 나트륨 5.0mg | 당류 4.8g | (기준: 100ml) | (출처: Korean Food Composition Database system (K-FCDB))
S15_low_remaining_dinner,C1,Baseline,5,저녁 추천,저녁 추천 || 건강한 저녁 메뉴 추천 || 300kcal 이하 저녁 식사,300.0,과ㆍ채주스_완전 망고 주스,음료 및 차류,284.171814,34.0,0.3,1.0,5.2,,False,False,True,K-FCDB_음식DB,과ㆍ채주스_완전 망고 주스 | 분류: 음료 및 차류 | 칼로리 34.0kcal | 단백질 0.3g | 나트륨 1.0mg | 당류 5.2g | (기준: 100ml) | (출처: Korean Food Composition Database system (K-FCDB))
S15_low_remaining_dinner,C2,Retrieval allergen filter only,1,저녁 추천,저녁 추천 || 건강한 저녁 메뉴 추천 || 300kcal 이하 저녁 식사,300.0,기타차_제로칼로리 복숭아 아이스티 노슈거 (초대용량),음료 및 차류,270.997192,1.0,0.1,2.0,,,False,False,True,K-FCDB_음식DB,기타차_제로칼로리 복숭아 아이스티 노슈거 (초대용량) | 분류: 음료 및 차류 | 칼로리 1.0kcal | 단백질 0.1g | 나트륨 2.0mg | (기준: 100ml) | (출처: Korean Food Composition Database system (K-FCDB))
S15_low_remaining_dinner,C2,Retrieval allergen filter only,2,저녁 추천,저녁 추천 || 건강한 저녁 메뉴 추천 || 300kcal 이하 저녁 식사,300.0,샌드위치_제주당근에그마요 샌드위치,빵 및 과자류,271.666565,261.0,10.0,350.0,2.0,,False,False,True,K-FCDB_음식DB,샌드위치_제주당근에그마요 샌드위치 | 분류: 빵 및 과자류 | 칼로리 261.0kcal | 단백질 10.0g | 나트륨 350.0mg | 당류 2.0g | (기준: 100g) | (출처: Korean Food Composition Database system (K-FCDB))
S15_low_remaining_dinner,C2,Retrieval allergen filter only,3,저녁 추천,저녁 추천 || 건강한 저녁 메뉴 추천 || 300kcal 이하 저녁 식사,300.0,샌드위치_쉬림프에그마요샌드위치,빵 및 과자류,273.163727,204.0,7.9,329.0,4.8,,False,False,True,K-FCDB_음식DB,샌드위치_쉬림프에그마요샌드위치 | 분류: 빵 및 과자류 | 칼로리 204.0kcal | 단백질 7.9g | 나트륨 329.0mg | 당류 4.8g | (기준: 100g) | (출처: Korean Food Composition Database system (K-FCDB))
S15_low_remaining_dinner,C2,Retrieval allergen filter only,4,저녁 추천,저녁 추천 || 건강한 저녁 메뉴 추천 || 300kcal 이하 저녁 식사,300.0,과ㆍ채주스_케일 캐롯 주스,음료 및 차류,282.777222,33.0,0.3,5.0,4.8,,False,False,True,K-FCDB_음식DB,과ㆍ채주스_케일 캐롯 주스 | 분류: 음료 및 차류 | 칼로리 33.0kcal | 단백질 0.3g | 나트륨 5.0mg | 당류 4.8g | (기준: 100ml) | (출처: Korean Food Composition Database system (K-FCDB))
S15_low_remaining_dinner,C2,Retrieval allergen filter only,5,저녁 추천,저녁 추천 || 건강한 저녁 메뉴 추천 || 300kcal 이하 저녁 식사,300.0,과ㆍ채주스_완전 망고 주스,음료 및 차류,284.171814,34.0,0.3,1.0,5.2,,False,False,True,K-FCDB_음식DB,과ㆍ채주스_완전 망고 주스 | 분류: 음료 및 차류 | 칼로리 34.0kcal | 단백질 0.3g | 나트륨 1.0mg | 당류 5.2g | (기준: 100ml) | (출처: Korean Food Composition Database system (K-FCDB))
S15_low_remaining_dinner,C3,Calorie post-validator only,1,저녁 추천,저녁 추천 || 건강한 저녁 메뉴 추천 || 300kcal 이하 저녁 식사,300.0,기타차_제로칼로리 복숭아 아이스티 노슈거 (초대용량),음료 및 차류,270.997192,1.0,0.1,2.0,,,False,False,True,K-FCDB_음식DB,기타차_제로칼로리 복숭아 아이스티 노슈거 (초대용량) | 분류: 음료 및 차류 | 칼로리 1.0kcal | 단백질 0.1g | 나트륨 2.0mg | (기준: 100ml) | (출처: Korean Food Composition Database system (K-FCDB))
S15_low_remaining_dinner,C3,Calorie post-validator only,2,저녁 추천,저녁 추천 || 건강한 저녁 메뉴 추천 || 300kcal 이하 저녁 식사,300.0,샌드위치_제주당근에그마요 샌드위치,빵 및 과자류,271.666565,261.0,10.0,350.0,2.0,,False,False,True,K-FCDB_음식DB,샌드위치_제주당근에그마요 샌드위치 | 분류: 빵 및 과자류 | 칼로리 261.0kcal | 단백질 10.0g | 나트륨 350.0mg | 당류 2.0g | (기준: 100g) | (출처: Korean Food Composition Database system (K-FCDB))
S15_low_remaining_dinner,C3,Calorie post-validator only,3,저녁 추천,저녁 추천 || 건강한 저녁 메뉴 추천 || 300kcal 이하 저녁 식사,300.0,샌드위치_쉬림프에그마요샌드위치,빵 및 과자류,273.163727,204.0,7.9,329.0,4.8,,False,False,True,K-FCDB_음식DB,샌드위치_쉬림프에그마요샌드위치 | 분류: 빵 및 과자류 | 칼로리 204.0kcal | 단백질 7.9g | 나트륨 329.0mg | 당류 4.8g | (기준: 100g) | (출처: Korean Food Composition Database system (K-FCDB))
S15_low_remaining_dinner,C3,Calorie post-validator only,4,저녁 추천,저녁 추천 || 건강한 저녁 메뉴 추천 || 300kcal 이하 저녁 식사,300.0,과ㆍ채주스_케일 캐롯 주스,음료 및 차류,282.777222,33.0,0.3,5.0,4.8,,False,False,True,K-FCDB_음식DB,과ㆍ채주스_케일 캐롯 주스 | 분류: 음료 및 차류 | 칼로리 33.0kcal | 단백질 0.3g | 나트륨 5.0mg | 당류 4.8g | (기준: 100ml) | (출처: Korean Food Composition Database system (K-FCDB))
S15_low_remaining_dinner,C3,Calorie post-validator only,5,저녁 추천,저녁 추천 || 건강한 저녁 메뉴 추천 || 300kcal 이하 저녁 식사,300.0,과ㆍ채주스_완전 망고 주스,음료 및 차류,284.171814,34.0,0.3,1.0,5.2,,False,False,True,K-FCDB_음식DB,과ㆍ채주스_완전 망고 주스 | 분류: 음료 및 차류 | 칼로리 34.0kcal | 단백질 0.3g | 나트륨 1.0mg | 당류 5.2g | (기준: 100ml) | (출처: Korean Food Composition Database system (K-FCDB))
S15_low_remaining_dinner,C4,Full,1,저녁 추천,저녁 추천 || 건강한 저녁 메뉴 추천 || 300kcal 이하 저녁 식사,300.0,기타차_제로칼로리 복숭아 아이스티 노슈거 (초대용량),음료 및 차류,270.997192,1.0,0.1,2.0,,,False,False,True,K-FCDB_음식DB,기타차_제로칼로리 복숭아 아이스티 노슈거 (초대용량) | 분류: 음료 및 차류 | 칼로리 1.0kcal | 단백질 0.1g | 나트륨 2.0mg | (기준: 100ml) | (출처: Korean Food Composition Database system (K-FCDB))
S15_low_remaining_dinner,C4,Full,2,저녁 추천,저녁 추천 || 건강한 저녁 메뉴 추천 || 300kcal 이하 저녁 식사,300.0,샌드위치_제주당근에그마요 샌드위치,빵 및 과자류,271.666565,261.0,10.0,350.0,2.0,,False,False,True,K-FCDB_음식DB,샌드위치_제주당근에그마요 샌드위치 | 분류: 빵 및 과자류 | 칼로리 261.0kcal | 단백질 10.0g | 나트륨 350.0mg | 당류 2.0g | (기준: 100g) | (출처: Korean Food Composition Database system (K-FCDB))
S15_low_remaining_dinner,C4,Full,3,저녁 추천,저녁 추천 || 건강한 저녁 메뉴 추천 || 300kcal 이하 저녁 식사,300.0,샌드위치_쉬림프에그마요샌드위치,빵 및 과자류,273.163727,204.0,7.9,329.0,4.8,,False,False,True,K-FCDB_음식DB,샌드위치_쉬림프에그마요샌드위치 | 분류: 빵 및 과자류 | 칼로리 204.0kcal | 단백질 7.9g | 나트륨 329.0mg | 당류 4.8g | (기준: 100g) | (출처: Korean Food Composition Database system (K-FCDB))
S15_low_remaining_dinner,C4,Full,4,저녁 추천,저녁 추천 || 건강한 저녁 메뉴 추천 || 300kcal 이하 저녁 식사,300.0,과ㆍ채주스_케일 캐롯 주스,음료 및 차류,282.777222,33.0,0.3,5.0,4.8,,False,False,True,K-FCDB_음식DB,과ㆍ채주스_케일 캐롯 주스 | 분류: 음료 및 차류 | 칼로리 33.0kcal | 단백질 0.3g | 나트륨 5.0mg | 당류 4.8g | (기준: 100ml) | (출처: Korean Food Composition Database system (K-FCDB))
S15_low_remaining_dinner,C4,Full,5,저녁 추천,저녁 추천 || 건강한 저녁 메뉴 추천 || 300kcal 이하 저녁 식사,300.0,과ㆍ채주스_완전 망고 주스,음료 및 차류,284.171814,34.0,0.3,1.0,5.2,,False,False,True,K-FCDB_음식DB,과ㆍ채주스_완전 망고 주스 | 분류: 음료 및 차류 | 칼로리 34.0kcal | 단백질 0.3g | 나트륨 1.0mg | 당류 5.2g | (기준: 100ml) | (출처: Korean Food Composition Database system (K-FCDB))
S16_post_workout_protein,C1,Baseline,1,운동 후 단백질 간식 추천,운동 후 단백질 간식 추천 || 근육 증가 간식 메뉴 || 700kcal 이하 간식 식사,700.0,샌드위치_쉬림프에그마요샌드위치,빵 및 과자류,253.327255,204.0,7.9,329.0,4.8,,False,False,False,K-FCDB_음식DB,샌드위치_쉬림프에그마요샌드위치 | 분류: 빵 및 과자류 | 칼로리 204.0kcal | 단백질 7.9g | 나트륨 329.0mg | 당류 4.8g | (기준: 100g) | (출처: Korean Food Composition Database system (K-FCDB))
S16_post_workout_protein,C1,Baseline,2,운동 후 단백질 간식 추천,운동 후 단백질 간식 추천 || 근육 증가 간식 메뉴 || 700kcal 이하 간식 식사,700.0,샌드위치_에그쉬림프 샌드위치,빵 및 과자류,254.652191,205.0,7.6,549.0,5.4,,False,False,False,K-FCDB_음식DB,샌드위치_에그쉬림프 샌드위치 | 분류: 빵 및 과자류 | 칼로리 205.0kcal | 단백질 7.6g | 나트륨 549.0mg | 당류 5.4g | (기준: 100g) | (출처: Korean Food Composition Database system (K-FCDB))
S16_post_workout_protein,C1,Baseline,3,운동 후 단백질 간식 추천,운동 후 단백질 간식 추천 || 근육 증가 간식 메뉴 || 700kcal 이하 간식 식사,700.0,비스킷/쿠키/크래커_라이스 칩 블루베리잼,빵 및 과자류,256.923828,400.0,8.6,206.0,,,False,False,False,K-FCDB_음식DB,비스킷/쿠키/크래커_라이스 칩 블루베리잼 | 분류: 빵 및 과자류 | 칼로리 400.0kcal | 단백질 8.6g | 나트륨 206.0mg | (기준: 100g) | (출처: Korean Food Composition Database system (K-FCDB))
S16_post_workout_protein,C1,Baseline,4,운동 후 단백질 간식 추천,운동 후 단백질 간식 추천 || 근육 증가 간식 메뉴 || 700kcal 이하 간식 식사,700.0,타르트_무화과 레어치즈 타르트,빵 및 과자류,265.835449,250.0,3.0,120.0,13.0,,False,False,False,K-FCDB_음식DB,타르트_무화과 레어치즈 타르트 | 분류: 빵 및 과자류 | 칼로리 250.0kcal | 단백질 3.0g | 나트륨 120.0mg | 당류 13.0g | (기준: 100g) | (출처: Korean Food Composition Database system (K-FCDB))
S16_post_workout_protein,C1,Baseline,5,운동 후 단백질 간식 추천,운동 후 단백질 간식 추천 || 근육 증가 간식 메뉴 || 700kcal 이하 간식 식사,700.0,비스킷/쿠키/크래커_마카롱꼬끄,빵 및 과자류,267.647461,400.0,8.0,60.0,25.0,,False,False,False,K-FCDB_음식DB,비스킷/쿠키/크래커_마카롱꼬끄 | 분류: 빵 및 과자류 | 칼로리 400.0kcal | 단백질 8.0g | 나트륨 60.0mg | 당류 25.0g | (기준: 100g) | (출처: Korean Food Composition Database system (K-FCDB))
S16_post_workout_protein,C2,Retrieval allergen filter only,1,운동 후 단백질 간식 추천,운동 후 단백질 간식 추천 || 근육 증가 간식 메뉴 || 700kcal 이하 간식 식사,700.0,샌드위치_쉬림프에그마요샌드위치,빵 및 과자류,253.327255,204.0,7.9,329.0,4.8,,False,False,False,K-FCDB_음식DB,샌드위치_쉬림프에그마요샌드위치 | 분류: 빵 및 과자류 | 칼로리 204.0kcal | 단백질 7.9g | 나트륨 329.0mg | 당류 4.8g | (기준: 100g) | (출처: Korean Food Composition Database system (K-FCDB))
S16_post_workout_protein,C2,Retrieval allergen filter only,2,운동 후 단백질 간식 추천,운동 후 단백질 간식 추천 || 근육 증가 간식 메뉴 || 700kcal 이하 간식 식사,700.0,샌드위치_에그쉬림프 샌드위치,빵 및 과자류,254.652191,205.0,7.6,549.0,5.4,,False,False,False,K-FCDB_음식DB,샌드위치_에그쉬림프 샌드위치 | 분류: 빵 및 과자류 | 칼로리 205.0kcal | 단백질 7.6g | 나트륨 549.0mg | 당류 5.4g | (기준: 100g) | (출처: Korean Food Composition Database system (K-FCDB))
S16_post_workout_protein,C2,Retrieval allergen filter only,3,운동 후 단백질 간식 추천,운동 후 단백질 간식 추천 || 근육 증가 간식 메뉴 || 700kcal 이하 간식 식사,700.0,비스킷/쿠키/크래커_라이스 칩 블루베리잼,빵 및 과자류,256.923828,400.0,8.6,206.0,,,False,False,False,K-FCDB_음식DB,비스킷/쿠키/크래커_라이스 칩 블루베리잼 | 분류: 빵 및 과자류 | 칼로리 400.0kcal | 단백질 8.6g | 나트륨 206.0mg | (기준: 100g) | (출처: Korean Food Composition Database system (K-FCDB))
S16_post_workout_protein,C2,Retrieval allergen filter only,4,운동 후 단백질 간식 추천,운동 후 단백질 간식 추천 || 근육 증가 간식 메뉴 || 700kcal 이하 간식 식사,700.0,타르트_무화과 레어치즈 타르트,빵 및 과자류,265.835449,250.0,3.0,120.0,13.0,,False,False,False,K-FCDB_음식DB,타르트_무화과 레어치즈 타르트 | 분류: 빵 및 과자류 | 칼로리 250.0kcal | 단백질 3.0g | 나트륨 120.0mg | 당류 13.0g | (기준: 100g) | (출처: Korean Food Composition Database system (K-FCDB))
S16_post_workout_protein,C2,Retrieval allergen filter only,5,운동 후 단백질 간식 추천,운동 후 단백질 간식 추천 || 근육 증가 간식 메뉴 || 700kcal 이하 간식 식사,700.0,비스킷/쿠키/크래커_마카롱꼬끄,빵 및 과자류,267.647461,400.0,8.0,60.0,25.0,,False,False,False,K-FCDB_음식DB,비스킷/쿠키/크래커_마카롱꼬끄 | 분류: 빵 및 과자류 | 칼로리 400.0kcal | 단백질 8.0g | 나트륨 60.0mg | 당류 25.0g | (기준: 100g) | (출처: Korean Food Composition Database system (K-FCDB))
S16_post_workout_protein,C3,Calorie post-validator only,1,운동 후 단백질 간식 추천,운동 후 단백질 간식 추천 || 근육 증가 간식 메뉴 || 700kcal 이하 간식 식사,700.0,샌드위치_쉬림프에그마요샌드위치,빵 및 과자류,253.327255,204.0,7.9,329.0,4.8,,False,False,False,K-FCDB_음식DB,샌드위치_쉬림프에그마요샌드위치 | 분류: 빵 및 과자류 | 칼로리 204.0kcal | 단백질 7.9g | 나트륨 329.0mg | 당류 4.8g | (기준: 100g) | (출처: Korean Food Composition Database system (K-FCDB))
S16_post_workout_protein,C3,Calorie post-validator only,2,운동 후 단백질 간식 추천,운동 후 단백질 간식 추천 || 근육 증가 간식 메뉴 || 700kcal 이하 간식 식사,700.0,샌드위치_에그쉬림프 샌드위치,빵 및 과자류,254.652191,205.0,7.6,549.0,5.4,,False,False,False,K-FCDB_음식DB,샌드위치_에그쉬림프 샌드위치 | 분류: 빵 및 과자류 | 칼로리 205.0kcal | 단백질 7.6g | 나트륨 549.0mg | 당류 5.4g | (기준: 100g) | (출처: Korean Food Composition Database system (K-FCDB))
S16_post_workout_protein,C3,Calorie post-validator only,3,운동 후 단백질 간식 추천,운동 후 단백질 간식 추천 || 근육 증가 간식 메뉴 || 700kcal 이하 간식 식사,700.0,비스킷/쿠키/크래커_라이스 칩 블루베리잼,빵 및 과자류,256.923828,400.0,8.6,206.0,,,False,False,False,K-FCDB_음식DB,비스킷/쿠키/크래커_라이스 칩 블루베리잼 | 분류: 빵 및 과자류 | 칼로리 400.0kcal | 단백질 8.6g | 나트륨 206.0mg | (기준: 100g) | (출처: Korean Food Composition Database system (K-FCDB))
S16_post_workout_protein,C3,Calorie post-validator only,4,운동 후 단백질 간식 추천,운동 후 단백질 간식 추천 || 근육 증가 간식 메뉴 || 700kcal 이하 간식 식사,700.0,타르트_무화과 레어치즈 타르트,빵 및 과자류,265.835449,250.0,3.0,120.0,13.0,,False,False,False,K-FCDB_음식DB,타르트_무화과 레어치즈 타르트 | 분류: 빵 및 과자류 | 칼로리 250.0kcal | 단백질 3.0g | 나트륨 120.0mg | 당류 13.0g | (기준: 100g) | (출처: Korean Food Composition Database system (K-FCDB))
S16_post_workout_protein,C3,Calorie post-validator only,5,운동 후 단백질 간식 추천,운동 후 단백질 간식 추천 || 근육 증가 간식 메뉴 || 700kcal 이하 간식 식사,700.0,비스킷/쿠키/크래커_마카롱꼬끄,빵 및 과자류,267.647461,400.0,8.0,60.0,25.0,,False,False,False,K-FCDB_음식DB,비스킷/쿠키/크래커_마카롱꼬끄 | 분류: 빵 및 과자류 | 칼로리 400.0kcal | 단백질 8.0g | 나트륨 60.0mg | 당류 25.0g | (기준: 100g) | (출처: Korean Food Composition Database system (K-FCDB))
S16_post_workout_protein,C4,Full,1,운동 후 단백질 간식 추천,운동 후 단백질 간식 추천 || 근육 증가 간식 메뉴 || 700kcal 이하 간식 식사,700.0,샌드위치_쉬림프에그마요샌드위치,빵 및 과자류,253.327255,204.0,7.9,329.0,4.8,,False,False,False,K-FCDB_음식DB,샌드위치_쉬림프에그마요샌드위치 | 분류: 빵 및 과자류 | 칼로리 204.0kcal | 단백질 7.9g | 나트륨 329.0mg | 당류 4.8g | (기준: 100g) | (출처: Korean Food Composition Database system (K-FCDB))
S16_post_workout_protein,C4,Full,2,운동 후 단백질 간식 추천,운동 후 단백질 간식 추천 || 근육 증가 간식 메뉴 || 700kcal 이하 간식 식사,700.0,샌드위치_에그쉬림프 샌드위치,빵 및 과자류,254.652191,205.0,7.6,549.0,5.4,,False,False,False,K-FCDB_음식DB,샌드위치_에그쉬림프 샌드위치 | 분류: 빵 및 과자류 | 칼로리 205.0kcal | 단백질 7.6g | 나트륨 549.0mg | 당류 5.4g | (기준: 100g) | (출처: Korean Food Composition Database system (K-FCDB))
S16_post_workout_protein,C4,Full,3,운동 후 단백질 간식 추천,운동 후 단백질 간식 추천 || 근육 증가 간식 메뉴 || 700kcal 이하 간식 식사,700.0,비스킷/쿠키/크래커_라이스 칩 블루베리잼,빵 및 과자류,256.923828,400.0,8.6,206.0,,,False,False,False,K-FCDB_음식DB,비스킷/쿠키/크래커_라이스 칩 블루베리잼 | 분류: 빵 및 과자류 | 칼로리 400.0kcal | 단백질 8.6g | 나트륨 206.0mg | (기준: 100g) | (출처: Korean Food Composition Database system (K-FCDB))
S16_post_workout_protein,C4,Full,4,운동 후 단백질 간식 추천,운동 후 단백질 간식 추천 || 근육 증가 간식 메뉴 || 700kcal 이하 간식 식사,700.0,타르트_무화과 레어치즈 타르트,빵 및 과자류,265.835449,250.0,3.0,120.0,13.0,,False,False,False,K-FCDB_음식DB,타르트_무화과 레어치즈 타르트 | 분류: 빵 및 과자류 | 칼로리 250.0kcal | 단백질 3.0g | 나트륨 120.0mg | 당류 13.0g | (기준: 100g) | (출처: Korean Food Composition Database system (K-FCDB))
S16_post_workout_protein,C4,Full,5,운동 후 단백질 간식 추천,운동 후 단백질 간식 추천 || 근육 증가 간식 메뉴 || 700kcal 이하 간식 식사,700.0,비스킷/쿠키/크래커_마카롱꼬끄,빵 및 과자류,267.647461,400.0,8.0,60.0,25.0,,False,False,False,K-FCDB_음식DB,비스킷/쿠키/크래커_마카롱꼬끄 | 분류: 빵 및 과자류 | 칼로리 400.0kcal | 단백질 8.0g | 나트륨 60.0mg | 당류 25.0g | (기준: 100g) | (출처: Korean Food Composition Database system (K-FCDB))
